lekid,x,y,area,per_miss,per_zero,mean_count,sd_count,min_count,max_count,len_road,mean_ppt,mean_sage,mean_herb,mean_nest
D-Alkali Draw,-1117043.743,2253178.233, D,46.875,50,34.52941176,17.5645867,0,67,172473.4006,24.829786,14.788114,15.868379,0.483723
D-Antelope Draw,-1154826.836,2281868.311, D,28.125,40.625,52.39130435,45.37894899,0,133,188797.2304,28.211111,16.452461,16.700729,0.525267
D-Bench Corral,-1148669.886,2278414.508, D,25,43.75,33.58333333,28.60969229,0,87,219940.504,25.044445,14.681479,13.769832,0.462984
D-Big John,-1099342.646,2250457.677, D,50,50,87.875,19.13417536,56,119,134197.2859,24.923913,14.481394,14.251309,0.43418
D-Big Sandy Flat,-1088257.187,2252134.34, D,25,90.625,0.875,2.997281377,0,14,185886.4289,25.606382,16.13099,17.036064,0.48739
D-Billie's Draw,-1152847.464,2275456.003, D,50,71.875,20.0625,24.59395251,0,73,171082.9078,26.457447,16.00901,13.365495,0.555352
D-Billy Canyon 1,-1146916.412,2270753.603, D,25,34.375,73.375,48.29331802,0,147,189887.6157,22.968084,14.370923,14.796944,0.36136
D-Billy Canyon 2,-1146968.442,2269171.775, D,25,65.625,5.625,9.379962455,0,34,181292.2345,22.548387,14.086408,16.238241,0.311374
D-Billy Canyon 3,-1151266.751,2272511.585, D,25,78.125,2.583333333,4.808657651,0,15,179297.3797,24.808509,14.375188,15.727209,0.433376
D-Billy Canyon 4,-1155218.458,2274439.724, D,25,34.375,73.08333333,57.23400985,0,228,157808.6275,26.644443,14.597011,15.753764,0.444758
D-Bloom Reservoir,-1128636.111,2270477.669, D,25,46.875,45.95833333,38.5931726,0,123,157267.1989,25.965909,14.267235,14.1271,0.418661
D-Blown-Out Reservoir,-1105736.825,2264955.824, D,46.875,53.125,119.5882353,62.76848216,0,216,144316.8754,25.074468,16.762596,14.050035,0.511067
D-Boulder Lake,-1108798.242,2283632.224, D,25,31.25,24.95833333,15.24432658,0,51,176697.4157,27.068181,14.627872,23.402507,0.318778
D-Brodie Burn,-1156703.133,2296171.109, D,68.75,84.375,3.1,5.130518709,0,16,209235.9789,29.784946,15.343363,23.433319,0.39888
D-Brodie Draw 1,-1155256.217,2293361.185, D,31.25,50,13.04545455,11.27777955,0,42,228487.0412,29.147727,16.033535,20.437274,0.450853
D-Brodie Draw 2,-1155738.79,2294814.174, D,31.25,50,11,11.26731472,0,43,226123.0083,29.48913,16.103559,21.238513,0.446245
D-Brodie Draw 3,-1155844.311,2296930.167, D,31.25,75,2.090909091,4.53461912,0,20,200104.5011,29.763441,14.96754,24.053413,0.425487
D-Burnt Lake Road,-1113904.545,2283038.363, D,50,75,7.25,9.808159868,0,28,224500.5279,25.623655,10.898572,24.8355,0.173724
D-Burt's Spring,-1105520.274,2278813.335, D,25,37.5,56,36.10612377,0,140,186949.0865,25.967391,14.608708,22.078428,0.375348
D-Calpet 2,-1164092.158,2249946.877, D,25,53.125,47.20833333,50.25930947,0,143,217737.3866,23.978494,12.473697,14.691397,0.271057
D-Calpet 8,-1166871.286,2253440.614, D,37.5,78.125,3.7,7.145848997,0,28,179043.5732,24.488889,10.529504,20.806058,0.185931
D-Cat,-1126467.154,2268783.352, D,37.5,62.5,10.15,12.99908904,0,39,144825.8806,25,13.686038,14.723857,0.370098
D-Chandler Brown,-1163232.049,2267803.539, D,25,31.25,20.29166667,12.38329578,0,45,263420.3153,25.445652,13.717487,15.659131,0.341166
D-Cora Butte,-1136509.577,2295499.137, D,25,43.75,28.45833333,22.43828089,0,68,215789.017,27.488889,13.978134,20.605314,0.256203
D-Cora Butte East,-1134381.784,2296217.024, D,53.125,81.25,3.666666667,5.715476066,0,18,207825.0296,27.711111,13.196667,21.721736,0.236148
D-Cora Butte Satellite,-1135683.71,2295447.991, D,50,84.375,2.0625,4.753507477,0,18,214713.8032,27.48421,14.067034,19.695772,0.255563
D-Cora Y,-1129364.232,2289989.604, D,46.875,90.625,2.411764706,6.235571581,0,24,161556.1599,26.860214,8.099119,28.386022,0.165129
D-Cottonwood Cutoff,-1162448.841,2283211.888, D,53.125,68.75,9.6,9.014274394,0,25,190888.911,30.395605,10.158281,34.508632,0.162261
D-Cut Across,-1155418.335,2292398.722, D,40.625,68.75,4.263157895,5.605970084,0,19,222919.1736,28.943181,15.031654,22.10791,0.402788
D-Cutoff,-1136946.7,2261089.462, D,25,34.375,21.33333333,12.12495331,0,40,157377.1999,21.021505,7.903469,20.774738,0.07002
D-Deer Hill,-1161135.948,2261371.546, D,25,34.375,12.125,8.300405962,0,28,305063.1572,23.293478,13.661376,16.451263,0.322677
D-Desert Reservoir,-1103461.042,2259247.266, D,50,50,132,48.53452379,61,234,151579.5485,25.386363,16.296796,14.531148,0.534872
D-Fear Ditch,-1142650.926,2286570.133, D,71.875,71.875,32.11111111,9.532109479,18,43,227064.6193,26.177778,15.038258,14.433003,0.434256
D-Fear Ditch Res.,-1143681.321,2285991.579, D,62.5,71.875,15.16666667,12.66227994,0,33,219907.0672,26.153846,15.04514,14.971597,0.46349
D-Forty Rod,-1133599.823,2310080.043, D,50,53.125,72.4375,34.66981156,0,127,169550.3934,29,18.131319,21.658971,0.427346
D-Fremont Butte Well 2A,-1105381.876,2266662.053, D,34.375,59.375,11.04761905,11.60808421,0,34,147643.3456,24.851064,16.008569,15.397951,0.457821
D-Fremont Butte Well 2B,-1106047.371,2267564.417, D,34.375,43.75,14.47619048,11.5048644,0,44,155754.518,24.734043,16.239048,14.959444,0.429057
D-Fremont Butte Well 2C,-1106409.037,2265910.253, D,34.375,84.375,2.142857143,7.016307535,0,32,142151.6377,24.989246,16.874364,13.646805,0.496277
D-Goodwin,-1097164.076,2262125.516, D,68.75,68.75,32.3,8.654478609,14,40,175784.4731,25.043478,13.250779,21.489765,0.285444
D-Grindstone Draw,-1135960.004,2286514.77, D,71.875,71.875,28.55555556,8.001735923,12,38,191793.8625,25.555555,11.293001,21.470466,0.186963
D-Hole 2,-1102312.883,2249835.715, D,56.25,78.125,7.285714286,9.084463249,0,25,125550.4223,25.076086,15.320726,14.838244,0.461733
D-Johnson Ridge,-1166161.68,2263379.487, D,25,50,7.166666667,6.824932977,0,22,266620.6548,25.75,11.291659,20.565923,0.253175
D-Kitchen Reservoir,-1134579.698,2300120.699, D,65.625,65.625,105.7272727,61.21125862,1,194,215885.202,28.706521,13.625196,24.411743,0.224761
D-Little Colorado Lek 1,-1145311.971,2226213.164, D,40.625,81.25,5.263157895,10.85173875,0,42,154743.5877,23.32258,13.245492,16.7541,0.321328
D-Little Fred Satellite,-1121535.579,2262515.884, D,50,90.625,0.875,1.892969449,0,5,179721.2773,21.703296,11.879575,15.04633,0.15666
D-Lower Muddy,-1146279.317,2274290.296, D,50,56.25,18,11.69045194,0,47,210589.3569,23.510639,13.046806,13.905904,0.35248
D-McDonald Draw,-1157992.687,2247949.873, D,25,71.875,9.083333333,19.5268303,0,77,171916.2448,21.78022,9.507922,14.554863,0.162074
D-Meadow Canyon,-1160643.982,2276868.671, D,25,28.125,54.08333333,35.2456185,0,120,186570.8554,29.086956,16.829399,15.936729,0.513251
D-Meadow Canyon 6B,-1160373.556,2276009.937, D,50,90.625,2.5625,6.324225908,0,22,185974.853,28.494623,15.923593,16.711156,0.453446
D-Meadow Canyon 7,-1162643.348,2276556.997, D,25,34.375,29.625,27.95619633,0,93,206619.303,29.363636,16.542848,17.737197,0.457698
D-Mesa Road 3,-1128362.715,2274408.919, D,28.125,31.25,49.91304348,33.53005849,0,125,171946.7612,26.826086,14.957884,14.921719,0.514271
D-Mesa/Pole Creek,-1117558.748,2277990.912, D,25,90.625,3.083333333,9.863929311,0,40,206028.4584,24.617021,13.455351,17.843418,0.332133
D-Mud Hole State,-1100734.889,2241903.566, D,56.25,56.25,131.1428571,67.84921874,41,264,183211.9349,23.043478,15.712364,16.768518,0.459121
D-Murdock Mesa,-1124123.763,2295464.576, D,46.875,65.625,9.176470588,8.457506238,0,28,167984.6273,27.681318,8.738121,33.894237,0.129524
D-North Antelope,-1156607.478,2282408.515, D,53.125,56.25,52.6,41.40876374,0,132,179647.4273,28.881719,15.88467,19.698711,0.469482
D-North Luman Ridge,-1135054.716,2281018.891, D,71.875,78.125,13.22222222,14.23707991,0,38,165795.2865,24.516483,10.620522,20.509874,0.142089
D-Onion Creek,-1146738.231,2291353.278, D,25,84.375,3.458333333,10.5870272,0,50,181830.7283,27.123596,12.99303,21.157396,0.435359
D-Prairie Dog,-1124847.195,2247827.341, D,56.25,71.875,15.85714286,15.98969448,0,41,162198.4485,23.548387,7.93875,14.382532,0.184118
D-Rifle Range,-1160068.758,2260201.457, D,65.625,65.625,28.45454545,16.50068869,3,54,287373.1343,22.615385,11.956413,19.510324,0.246636
D-Ryegrass Draw,-1149899.416,2295029.46, D,31.25,43.75,43.04545455,43.4658895,0,147,228309.3478,28.279569,16.15554,19.560949,0.541799
D-Ryegrass Draw South,-1151043.399,2294968.358, D,31.25,53.125,25.31818182,24.02258137,0,79,240168.2019,28.684782,17.702676,17.300815,0.594594
D-Ryegrass Reservoir,-1143715.837,2287158.892, D,25,75,3.333333333,7.081308321,0,29,214670.7621,26.404254,15.103058,14.876466,0.474324
D-Ryegrass Road Fork,-1145978.472,2289814.908, D,31.25,56.25,18.68181818,17.88424783,0,65,190312.1571,26.957895,13.630062,18.370981,0.455879
D-Sandy Flat Well,-1092196.684,2253728.921, D,37.5,53.125,57.45,43.17708335,0,160,170709.9071,25.053764,14.518855,18.072257,0.378822
D-Soda Lake,-1121186.13,2297121.502, D,50,50,57.125,14.69183447,32,80,174304.278,28.782608,14.347186,25.052463,0.240908
D-Sommers,-1136061.819,2283524.742, D,65.625,68.75,23.36363636,12.82398321,0,49,185957.5108,24.914894,11.321364,19.681018,0.168099
D-South Luman Ridge,-1134092.126,2276930.111, D,71.875,71.875,31.11111111,11.09554465,15,44,156546.0584,23.880434,10.705037,20.447343,0.186911
D-South Soapholes Creek,-1135780.978,2274367.961, D,71.875,81.25,7.777777778,8.120618477,0,21,164779.0212,22.877777,9.463889,22.54923,0.127394
D-Speedway,-1102897.116,2254252.719, D,37.5,37.5,66.35,37.17706565,5,151,142470.3541,25.44086,15.665752,14.060499,0.474111
D-Stock Driveway,-1115579.942,2289065.903, D,50,53.125,56.25,29.18789704,0,116,158636.0881,27.622222,11.168453,28.681928,0.177724
D-Termination Draw,-1158771.654,2247340.57, D,50,78.125,3.75,6.3822671,0,21,175589.6228,22.021978,9.117418,14.523177,0.152958
D-Two Buttes,-1118672.797,2275469.362, D,56.25,56.25,71.35714286,20.48491807,26,99,200611.5668,24.677419,13.802738,16.304197,0.36619
D-Upper Antelope,-1161162.623,2280090.994, D,68.75,84.375,3.1,4.677368681,0,14,200759.2551,30.217391,18.235666,17.412326,0.561603
D-Upper Muddy Creek Road,-1163052.139,2282544.131, D,50,81.25,1.75,2.645751311,0,8,202905.9197,30.505495,10.748707,33.032928,0.150737
D-Upper Onion Creek,-1149626.859,2292234.447, D,59.375,65.625,74.76923077,60.15002611,0,164,221366.1786,27.677419,15.499767,17.791433,0.518089
D-Waldo,-1135195.592,2296123.601, D,50,81.25,2.875,7.455423082,0,30,209039.8329,27.733333,14.065073,20.187238,0.248672
D-Warren Bridge 1,-1138757.122,2313231.031, D,50,75,6.5,9.688481133,0,30,180272.0554,29.065933,18.525951,22.899013,0.49394
D-Warren Bridge 2,-1138203.103,2319508.571, D,40.625,68.75,32.31578947,51.66457268,0,154,129036.8561,28.559139,19.763744,22.516193,0.658873
D-Waterhole Draw,-1101743.063,2247745.458, D,56.25,56.25,64.92857143,39.14364923,18,134,133930.4914,24.61111,15.496037,15.334554,0.47224
D-Webb Draw,-1145760.92,2305074.271, D,25,62.5,86.29166667,104.5302033,0,292,171327.7603,28.329669,13.022394,29.920089,0.316403
D-Willow Creek Road,-1127214.612,2306792.13, D,50,50,51.3125,12.56300787,32,77,113775.8241,28.527473,13.727996,26.944461,0.231679
E-Agate Flats,-940693.9421,2242937.919, E,59.375,59.375,32.61538462,10.92808661,12,49,191753.2935,19.451612,12.620884,11.507205,0.25309
E-Antelope Flats,-1023074.102,2218349.925, E,56.25,65.625,57.71428571,36.86864119,0,124,79692.14546,22.612903,13.362343,10.158717,0.445432
E-Antelope Springs,-1000528.05,2238167.019, E,15.625,50,10.18518519,12.34764704,0,50,146814.7479,20.554347,16.74587,17.223836,0.437938
E-Beulah Belle Lake,-907351.2333,2225861.739, E,0,59.375,8.71875,14.50524794,0,57,118340.8279,20.956989,5.850149,14.058639,0.035357
E-Bill's,-941797.1645,2216861.068, E,50,59.375,33.75,20.8118556,0,73,193394.9678,18.063829,8.094682,8.955533,0.052158
E-Black Rock,-954145.4496,2241486.52, E,18.75,84.375,4.769230769,10.93730384,0,39,105128.2835,18.957447,13.581487,12.757714,0.386984
E-Black Rock Draw,-952046.4025,2238265.14, E,0,21.875,23.84375,21.60661394,0,94,102240.9382,18.377777,9.515251,13.586043,0.201738
E-Blackjack,-933834.1225,2246109.973, E,71.875,71.875,159.4444444,101.102808,80,350,195387.2176,20.166666,14.245902,11.988223,0.36149
E-Buffalo Creek,-957942.7466,2233478.197, E,34.375,50,11.61904762,11.98947952,0,39,104486.6091,17.537633,6.732443,15.360298,0.047524
E-Carmody Lake,-996042.9851,2239932.494, E,18.75,18.75,56,25.50921402,27,124,143193.1086,21.362636,16.574258,16.180459,0.372309
E-Cedar Rim Pipeline No. 1,-983464.3131,2248273.871, E,0,96.875,0.09375,0.530330086,0,3,139119.9639,25.172042,17.254751,16.893379,0.618578
E-Cedar Rim Pipeline No. 2,-981576.8526,2245519.237, E,50,53.125,66.6875,46.38637551,0,176,137849.991,23.428571,15.277211,14.886566,0.54219
E-Cedar Rim Windmill,-989558.0046,2247944.871, E,6.25,53.125,7.366666667,10.59109363,0,32,138807.3083,24.838708,16.327074,16.575376,0.336975
E-Cottonwood Creek,-972671.5067,2226593.668, E,12.5,65.625,6.857142857,13.50915817,0,49,167279.1478,17.78409,5.777582,12.113741,0.054023
E-Coyote Lake,-999382.1945,2216825.454, E,0,18.75,37.03125,40.14046657,0,176,107264.2845,18.886363,10.467709,8.474249,0.279745
E-Crofts,-1001543.816,2215719.921, E,34.375,50,16.28571429,15.51496973,0,61,82158.56389,18.956521,10.194759,8.573802,0.265654
E-Dickie Springs,-1048778.83,2215397.623, E,71.875,71.875,34.77777778,37.60245264,1,88,118181.7595,24.18085,14.770753,9.584333,0.376314
E-Dickie Springs Creek,-1043937.698,2219140.011, E,0,21.875,62.875,73.69805442,0,305,123671.4474,23.695652,14.294739,11.135872,0.448517
E-Dishpan Butte,-993360.944,2246782.428, E,28.125,34.375,18.04347826,15.83287219,0,57,148261.4358,23.539325,15.167333,16.201072,0.266012
E-Dry Draw,-937228.1714,2218535.263, E,56.25,62.5,18.14285714,11.84422704,0,39,152676.0628,17.943181,7.614712,10.643712,0.037691
E-Dry Lakes,-952166.7276,2245649.721, E,0,9.375,26.96875,22.18032312,0,87,178371.8831,19.263736,15.237828,13.256307,0.408281
E-East Long Creek No. 1,-965157.4447,2246537.345, E,21.875,28.125,26.72,25.17028672,0,93,155964.4167,19.5,17.845815,17.886528,0.647629
E-East Long Creek No. 2,-968509.2424,2248225.018, E,21.875,28.125,44.12,28.27590258,0,120,164693.8744,19.252746,17.9288,19.191576,0.635163
E-East Long Creek No. 3,-971056.971,2244830.443, E,0,6.25,18.75,12.30001311,0,52,128540.0288,18.833333,15.116017,18.319433,0.401603
E-Fish Creek,-1046297.268,2225774.012, E,0,9.375,44.84375,45.08279793,0,165,173667.0322,23.911111,14.734327,12.34847,0.359016
E-Government Meadows,-989790.3745,2242173.212, E,0,59.375,12.71875,24.25434364,0,100,143552.4419,23.1,15.467462,14.825648,0.351254
E-Grassy Lake,-1006474.769,2205582.12, E,0,31.25,28.9375,36.70364094,0,148,142009.4499,20.24719,10.552264,9.056924,0.195235
E-Ice Slough,-980240.9603,2229094.116, E,0,68.75,3.4375,6.195406727,0,21,91605.6826,18,7.524785,12.045786,0.092496
E-Long Creek No. 1,-974956.2525,2252364.944, E,53.125,71.875,13.13333333,16.94894294,0,53,127592.1796,20.619565,17.210489,18.876523,0.582804
E-Long Creek No. 2,-976474.4393,2250391.797, E,34.375,87.5,1.142857143,3.021352583,0,12,113032.5997,21.233333,16.709934,19.158172,0.583588
E-Long Creek No. 3,-978350.0844,2247223.459, E,0,65.625,3.15625,6.022052886,0,26,125466.4698,21.866666,15.506556,16.859857,0.524295
E-Long Creek No. 4,-980810.6546,2247259.027, E,0,93.75,1.65625,7.748504018,0,43,129082.4915,23.833333,16.228008,16.471099,0.586901
E-Long Gulch,-1035828.282,2226429.518, E,65.625,68.75,66,46.75681768,0,162,125104.587,23.693181,14.103749,8.537477,0.397422
E-McIntosh Meadows,-939759.1712,2240579.801, E,0,56.25,4.25,9.356729509,0,41,141330.507,19.827957,10.748329,11.37962,0.169685
E-Nancy Creek,-971671.368,2222967.054, E,59.375,62.5,34.46153846,23.89775228,0,67,213438.7552,18.033332,6.827124,9.576604,0.078398
E-Nancy Creek Reservoir,-970608.0969,2224880.888, E,68.75,68.75,37.5,20.12323146,13,73,176565.9506,17.709676,5.774834,11.03786,0.057953
E-North Dobie,-929373.6904,2233620.05, E,0,31.25,20.15625,19.38258176,0,70,104382.112,21,7.275785,11.671863,0.062619
E-Oregon Trail,-1035149.904,2219405.702, E,21.875,40.625,44.28,48.7292862,0,173,95307.83543,23.32258,12.410365,11.939058,0.350242
E-Picket Lake,-1017135.308,2211713.696, E,28.125,28.125,58.39130435,35.90864562,7,132,53305.61816,21.636363,11.240938,10.420585,0.298115
E-Pine Creek,-1042732.037,2227265.281, E,31.25,34.375,30.77272727,19.44450423,0,71,120695.0003,24.177778,15.168925,10.141089,0.420615
E-Radio Tower Draw No. 1,-966824.8239,2235962.312, E,0,68.75,12.71875,24.53336684,0,94,140173.6621,18.010869,10.136853,16.775953,0.131128
E-Radio Tower Draw No. 2,-966448.2231,2237524.049, E,53.125,56.25,39.6,29.37637535,0,118,142132.2036,18.065217,11.048202,16.952299,0.177444
E-Radium Springs,-1018462.063,2227377.769, E,0,62.5,11.1875,17.52314138,0,47,112423.1985,21.119565,14.422589,8.061276,0.387337
E-Rawlins Draw,-940346.0337,2210958.127, E,0,25,19.65625,18.60213199,0,75,175727.4067,18.771739,8.819735,5.986345,0.093263
E-Sage Hen No. 1,-942109.7293,2234803.712, E,0,68.75,7.40625,13.61180554,0,41,150537.0975,19.222221,6.092622,11.967114,0.055475
E-Sage Hen No. 2,-941905.3379,2233966.755, E,0,62.5,2,3.528684302,0,15,145360.1418,19.271739,5.739137,12.024282,0.048461
E-Sage Hen No. 3,-940860.8745,2235275.702, E,53.125,56.25,29.46666667,13.81441621,0,51,141445.1019,19.44086,6.458014,11.759702,0.059285
E-Sage Hen No. 4,-940926.3349,2235746.388, E,59.375,87.5,4.461538462,14.6037403,0,53,141188.1383,19.439559,6.745789,11.848123,0.066089
E-Silver Creek,-1010678.7,2231870.484, E,37.5,53.125,20.6,22.31685698,0,86,111854.6108,19.698925,15.212721,12.100717,0.388298
E-Soap Holes,-981397.8288,2226255.606, E,0,12.5,74.09375,57.06666129,0,234,76315.90396,18.215053,7.937635,10.215126,0.129526
E-Spring Creek,-948530.027,2216081.321, E,59.375,68.75,37.15384615,28.77164737,0,94,208122.5414,18.454545,8.522691,7.627365,0.099413
E-Warm Springs No. 1,-991880.0866,2229099.768, E,40.625,40.625,38.10526316,22.65660251,3,80,114220.3874,18.815217,10.498402,10.641289,0.246729
E-Warm Springs No. 2,-990192.14,2230414.434, E,0,87.5,1.03125,3.237724958,0,15,113910.835,18.797872,9.728785,11.631307,0.181987
E-West Long Creek No. 1,-980802.8364,2257764.591, E,0,12.5,47.625,59.6747907,0,242,132814.4787,23.802198,17.103784,18.220209,0.498709
E-West Long Creek No. 2,-980952.7782,2254120.545, E,0,15.625,46.5,49.96644035,0,177,122034.34,24.48913,19.055864,19.626098,0.694634
E-Willow Creek State Section,-1030862.614,2224694.605, E,0,12.5,27.4375,29.81224851,0,106,144130.933,23.120878,13.973202,9.852372,0.400877
E-Wilson Gulch,-1023468.885,2224674.955, E,0,31.25,16.875,18.18852882,0,78,120839.6848,22.505495,15.807513,8.110059,0.532914
F-1873044,-791886.3875,2101445.043, F,15.625,81.25,22.22222222,50.20521987,0,160,158025.4493,34.7957,9.66464,13.221941,0.157827
F-1873103,-791355.5551,2099633.213, F,0,37.5,58.53125,59.69059167,0,250,159882.6055,34.978721,9.633033,12.794861,0.170534
F-1874064,-803885.8101,2102463.692, F,0,96.875,0.34375,1.944543648,0,11,180348.7498,33.074466,9.442498,19.920946,0.121089
F-1874081,-803929.5291,2102042.563, F,53.125,78.125,5.133333333,7.298401652,0,21,179136.035,33.065933,9.428563,20.241912,0.124457
F-1973224,-790075.977,2105830.572, F,0,100,0,0,0,0,208539.8816,34.892471,9.924094,17.786878,0.112268
F-1973294,-793343.1941,2105024.812, F,0,96.875,0.03125,0.176776695,0,1,205638.6474,34.288887,9.637287,15.230885,0.122788
F-1974041,-801063.0127,2113041.151, F,0,100,0,0,0,0,109757.316,33,10.021339,21.82711,0.178342
F-1974042,-800488.853,2112784.649, F,3.125,87.5,8.387096774,23.38472068,0,84,107072.0251,33,10.119998,21.694803,0.19189
F-1974122,-795962.1071,2110789.299, F,56.25,59.375,20.92857143,11.38463395,0,42,154384.9504,33.582416,10.113846,18.609477,0.211813
F-1976241,-816152.8217,2109498.77, F,0,90.625,1.65625,6.276476179,0,30,128779.5404,31.279569,9.554613,18.701263,0.253174
F-1976343,-819001.9095,2105716.618, F,0,93.75,0.4375,1.882645702,0,10,131844.2694,30.261363,8.403299,18.09592,0
F-2073062,-793290.9505,2121420.393, F,0,93.75,0.40625,1.720078299,0,9,157609.931,34.787235,10.55233,22.267868,0.212501
F-2073091,-790488.6841,2120032.738, F,56.25,62.5,10.14285714,5.802614038,0,21,178345.0684,35.01099,10.682952,22.457929,0.208237
F-2073283,-791331.5277,2114878.407, F,0,31.25,35.6875,33.27736565,0,99,174884.4289,34.336956,10.599151,20.205917,0.195781
F-2073331,-791453.2512,2113452.313, F,15.625,87.5,6.222222222,15.46294164,0,54,194688.9604,34.24731,10.506244,19.374237,0.187318
F-2074333,-800996.7444,2113743.569, F,9.375,90.625,0.965517241,3.041178797,0,13,108744.4062,33.042552,10.051292,21.853435,0.17867
F-2074334,-800502.4947,2113697.061, F,12.5,87.5,10.42857143,26.62139013,0,97,107562.6129,33.053764,10.071182,21.959846,0.189397
F-2078092,-837700.0141,2124899.661, F,0,59.375,4.8125,7.008922884,0,21,134130.1095,26.89011,9.398258,12.765775,0.132189
F-2079274,-845809.7159,2119189.76, F,3.125,81.25,6.096774194,13.06740178,0,44,173194.5425,27.946807,10.401264,16.744867,0.120052
F-2173203,-792367.9639,2125777.268, F,43.75,96.875,1.888888889,8.013876853,0,34,155677.0769,35.106384,10.904438,21.724113,0.280836
F-2173291,-792492.4726,2125050.062, F,56.25,65.625,15.64285714,10.5583153,0,33,156121.0921,35.075267,10.857926,21.765527,0.27083
F-2174252,-795033.1771,2125269.082, F,0,53.125,12.28125,17.03551201,0,53,162974.3225,34.702129,10.79841,22.495203,0.277317
F-2177041,-828696.8511,2135170.227, F,0,100,0,0,0,0,130074.8331,29.053192,8.511209,10.158505,0.121661
F-2177104,-826815.51,2132180.548, F,0,50,5.125,6.343653165,0,17,161192.5077,29.265956,9.110873,12.077715,0.143878
F-2177203,-831026.1798,2129518.188, F,0,96.875,0.03125,0.176776695,0,1,148860.9094,27.75,9.187168,11.200262,0.19211
F-2177314,-833164.4845,2126874.217, F,0,56.25,6.53125,9.270084995,0,29,152199.2796,27.166666,9.266855,12.505069,0.153857
F-2179012,-842353.1579,2136345.801, F,0,100,0,0,0,0,204702.1285,25.391304,8.092731,8.088852,0.09351
F-2179013,-843092.2866,2135908.822, F,0,100,0,0,0,0,201737.7087,25.44086,8.209722,8.026702,0.100019
F-2179193,-851967.3676,2131950.198, F,0,84.375,2.59375,7.246175298,0,32,203939.482,25.404254,9.580982,10.224318,0.178803
F-2179292,-849595.0391,2130342.428, F,0,100,0,0,0,0,202559.8356,25.377777,8.881202,9.858879,0.129501
F-2181061,-869979.4383,2139526.792, F,0,84.375,0.90625,3.009226404,0,16,264384.3694,25.044445,9.353523,8.47579,0.101868
F-2181112,-863237.215,2136977.135, F,0,84.375,2.25,6.748954519,0,35,246787.6307,25.69149,11.052845,11.186238,0.147953
F-2181113,-863877.3295,2136530.739, F,9.375,90.625,0.655172414,2.142692933,0,10,247428.9367,25.6,11.118282,11.202938,0.144954
F-2181141,-864357.2589,2135664.659, F,15.625,90.625,0.666666667,1.941450687,0,7,247136.4428,25.538461,11.247668,11.186604,0.135644
F-2181143,-863975.5988,2134414.81, F,12.5,81.25,2.25,7.825054727,0,41,257540.0366,25.526882,11.501746,11.445094,0.115714
F-2181181,-870622.6336,2136945.556, F,0,84.375,4.53125,14.17399794,0,65,254386.3867,25.075269,10.072403,8.822455,0.149758
F-2182063,-879968.8372,2139341.468, F,0,90.625,0.3125,1.176037634,0,6,241850.3778,25.010869,8.308732,7.001303,0.074274
F-2182163,-877198.5381,2135937.429, F,0,71.875,5.09375,12.1239815,0,49,250821.6008,25.247312,9.365903,7.980971,0.096987
F-2182202,-878045.6322,2135408.946, F,3.125,75,2.064516129,5.278481372,0,25,236230.1797,25.431818,9.437375,8.201786,0.095976
F-2182214,-876243.1616,2134401.694, F,50,68.75,29.375,30.09955703,0,89,256710.1816,25.433332,9.877393,8.661552,0.106593
F-2182281,-877040.3993,2133392.985, F,0,81.25,2.53125,7.602989119,0,38,246824.6165,25.7,10.103421,9.132082,0.101474
F-2183011,-881032.8515,2140644.263, F,6.25,68.75,5.166666667,8.626676082,0,29,249976.6077,24.75,8.059,6.895394,0.071381
F-2183024,-882381.9319,2139545.106, F,0,71.875,5.0625,10.07692189,0,39,246704.316,25.175825,8.272492,7.294647,0.059642
F-2183232,-882593.0554,2135830.975, F,15.625,87.5,1.185185185,3.823379868,0,17,221046.8949,25.891304,8.8142,7.925542,0.057916
F-2185011,-900517.4319,2142307.227, F,0,71.875,2.53125,6.603930281,0,35,145781.5761,21.052631,6.61262,6.668763,0.033193
F-2274063,-802464.4617,2141504.372, F,0,100,0,0,0,0,172736.3032,33.163043,10.515473,20.161787,0.260293
F-2274173,-800798.9687,2138018.16, F,0,100,0,0,0,0,166565.323,33.521278,10.115222,20.595407,0.254175
F-2277333,-828748.5866,2135681.091, F,0,100,0,0,0,0,128347.2515,29.11111,8.35207,10.223447,0.111698
F-2279213,-847504.2108,2140975.619, F,0,93.75,0.46875,1.95075461,0,10,211794.6494,25.808509,9.011119,8.145293,0.157766
F-2280262,-853011.8491,2140770.719, F,0,75,2.34375,5.171942762,0,18,246412.309,25.989246,9.702821,8.671719,0.204255
F-2281293,-868618.7646,2141312.732, F,0,96.875,0.25,1.414213562,0,8,304454.5779,25.074468,8.85291,8.55598,0.070562
F-2281314,-869591.3168,2140360.921, F,0,53.125,11.25,16.54709798,0,57,286197.1657,25.054347,9.08797,8.516414,0.084859
F-2282061,-878581.9631,2150362.508, F,0,53.125,6.46875,8.962230335,0,25,241676.5809,23.833333,7.882203,6.002844,0.143713
F-2283321,-887665.1021,2143262.503, F,46.875,68.75,13.41176471,13.23848001,0,37,167133.9397,24.03409,7.749745,6.675398,0.066799
F-2283324,-886692.5572,2142089.789, F,0,100,0,0,0,0,199340.1317,24.271739,7.825075,6.788985,0.066852
F-2283344,-883439.4518,2141687.038, F,18.75,100,0,0,0,0,250093.7458,24.539325,7.857485,6.900235,0.070796
F-2377014,-821227.176,2153090.652, F,0,100,0,0,0,0,168620.4724,31.265956,7.255693,8.490716,0.125526
F-2377091,-826738.0521,2153100.615, F,0,96.875,0.03125,0.176776695,0,1,175732.3193,30.311828,7.189561,9.224625,0.101066
F-2377151,-825696.2428,2151181.806, F,0,71.875,3.625,6.996542925,0,26,181066.0511,30.903224,6.882093,9.474005,0.090229
F-2377152,-824891.0596,2150195.765, F,0,96.875,0.09375,0.530330086,0,3,183621.3599,31.260869,6.800678,9.72527,0.091558
F-2377163,-826958.282,2150490.424, F,12.5,93.75,0.678571429,2.667410611,0,13,184207.149,30.626373,6.709497,9.524621,0.081326
F-2382214,-874152.2625,2153573.338, F,12.5,100,0,0,0,0,157235.7421,24.053192,8.621296,6.283594,0.153161
F-2382221,-872977.4232,2154010.591, F,0,53.125,18.9375,26.43059993,0,94,156061.4271,24.107526,8.693187,6.408075,0.147176
F-2382283,-874867.1577,2151727.596, F,0,65.625,6.625,10.74559174,0,32,194993.881,24.255556,8.385712,6.339915,0.154551
F-2382323,-876914.4854,2150693.427, F,15.625,96.875,0.407407407,2.116950987,0,11,222866.4592,24.063829,8.019754,6.091989,0.14959
F-2383102,-881455.8527,2158823.299, F,46.875,50,19.70588235,8.556902958,0,33,121754.1282,22.340425,8.031416,6.128219,0.127741
F-2383144,-880321.4577,2155865.418, F,0,84.375,3.15625,7.984296584,0,32,142209.8913,22.93617,8.241473,5.975032,0.133703
F-2383363,-880038.2578,2151610.439, F,6.25,46.875,20.06666667,20.7230229,0,71,209735.2001,23.461538,7.99774,5.859341,0.137544
F-2476164,-815617.7296,2158635.983, F,46.875,78.125,2.941176471,6.169183376,0,25,119733.2888,30.399999,7.352867,8.618135,0.129021
F-2478312,-838811.297,2157062.039, F,9.375,87.5,1.275862069,3.326265084,0,11,133571.6378,27.795698,7.051999,8.592061,0.046153
F-2478331,-835490.4012,2157156.612, F,0,65.625,7.96875,14.18878334,0,45,127168.1823,28.222221,7.070847,9.074694,0.05967
F-2481064,-866601.7936,2167135.967, F,25,93.75,1.333333333,5.561253117,0,27,118911.1144,27.826086,7.632759,10.139115,0.053058
F-2481083,-865955.792,2165508.073, F,28.125,65.625,5.913043478,7.948201875,0,22,123914.3785,26.372341,6.768819,9.098807,0.044094
F-2483144,-879145.5453,2165265.173, F,0,50,15.65625,20.2015799,0,68,129126.3155,21.903224,7.736377,7.047632,0.083303
F-2483220,-881306.4147,2164555.051, F,0,100,0,0,0,0,110450.0874,21.483871,7.728685,6.836338,0.093878
F-2483293,-884939.1318,2163141.61, F,0,90.625,1,4.318004318,0,24,117436.2632,21.095745,7.840399,6.564643,0.107443
F-2483324,-884754.0366,2161060.947, F,0,65.625,6.75,12.96645797,0,42,121637.5731,21.559139,7.817875,6.344651,0.116857
F-2576042,-816663.8228,2172695.36, F,0,68.75,5.65625,13.86945908,0,58,100378.8344,29,7.950225,9.555342,0.138004
F-2578332,-835200.4245,2165981.896, F,0,100,0,0,0,0,79297.03421,29.150537,7.164691,9.964509,0.04861
F-2583302,-886051.2788,2173581.537, F,0,65.625,6.40625,12.88124261,0,42,83732.17375,22.557895,9.21672,9.082622,0.095351
F-2584252,-887616.7028,2173878.069, F,0,62.5,4.8125,7.98158162,0,27,76919.61379,21.730337,8.927749,9.161375,0.088522
F-2674303,-799788.7277,2173388.623, F,15.625,68.75,11.44444444,17.59880532,0,51,186236.1931,30.408601,9.256512,15.222799,0.135707
F-2675151,-803633.4298,2177866.814, F,0,65.625,10.03125,15.89985671,0,46,176082.739,30.18085,9.629503,15.508856,0.134185
F-2676021,-812218.6396,2182202.153, F,0,53.125,18.34375,25.62711439,0,92,149457.3964,29.548387,7.952091,10.837012,0.103795
F-2683214,-881502.5521,2183819.863, F,0,65.625,4.3125,8.049994991,0,30,135354.8078,22.044445,10.202085,10.635838,0.106581
F-2776211,-814338.1049,2187144.385, F,0,87.5,0.1875,0.592289162,0,3,124292.4475,30.032258,8.733806,12.139549,0.139155
F-2776261,-811332.373,2185143.384, F,0,96.875,0.0625,0.353553391,0,2,128763.5677,30.177778,8.81159,12.443758,0.112628
F-2776322,-815884.6303,2184163.887, F,0,75,16.8125,37.15567729,0,122,108277.6921,29.456521,8.389905,10.5873,0.136336
F-2777114,-819742.1355,2190178.662, F,0,87.5,0.9375,3.518957874,0,19,118028.4554,29.125,9.350904,12.786997,0.180025
F-2781044,-861025.1918,2195846.153, F,0,87.5,1.40625,5.27843681,0,22,158354.7965,27.252746,12.424345,15.690476,0.274513
F-2782072,-874071.5396,2196479.496, F,0,93.75,1.03125,5.480077554,0,31,125761.1216,21.913043,11.151736,13.644378,0.289756
F-2782124,-866025.5857,2194692.3, F,0,84.375,1.59375,6.267475568,0,35,166389.0574,25.880434,11.274066,13.190809,0.259611
F-2782144,-867778.8776,2193793.181, F,25,59.375,21.41666667,25.51029914,0,65,160138.7434,25.819149,11.272949,12.632513,0.25924
F-2783111,-877412.2678,2196748.348, F,0,68.75,4.6875,8.999775983,0,35,140348.5216,21.098901,11.007843,13.212215,0.229938
F-2783124,-875145.3397,2195749.823, F,0,34.375,30.8125,35.75854285,0,136,134514.0873,21.526882,10.842423,12.755845,0.263386
F-2783254,-875747.4497,2191235.206, F,0,62.5,18.5,32.86727954,0,112,144776.3736,21.414894,9.987203,11.151075,0.158893
F-2877183,-827337.163,2189776.202, F,62.5,90.625,4.333333333,9.763879011,0,32,133684.7052,27.811111,8.557202,11.209591,0.167518
F-2878143,-828304.2687,2200039.928, F,0,75,23.78125,46.54566566,0,138,156950.979,28.133333,10.519595,13.906227,0.222752
F-2878164,-831259.8591,2199314.725, F,0,84.375,1.65625,4.352302876,0,15,174364.573,28.225807,9.921955,13.142242,0.188093
F-2878240,-827366.0619,2198111.908, F,46.875,100,0,0,0,0,165531.1598,27.69149,9.292654,12.494523,0.182385
F-2879313,-845977.7908,2196368.622, F,3.125,50,13.80645161,17.28085522,0,54,129985.2925,28.107526,10.444574,13.583171,0.149787
F-Bishop Point,-886321.3888,2218811.174, F,9.375,31.25,23.96551724,21.82148803,0,66,116171.2854,19.430107,13.390305,13.182148,0.26846
F-Canyon Creek,-874398.0013,2204729.558, F,0,21.875,30.125,27.60639243,0,132,146455.4693,21.655555,11.242488,14.393278,0.285078
F-Canyon Creek Lower,-879696.0401,2206908.024, F,15.625,81.25,3.37037037,12.58860336,0,65,150854.6792,20.545454,10.565667,11.011526,0.136214
F-Canyon Creek N Fork,-866156.4654,2208222.394, F,9.375,65.625,14.34482759,33.1083458,0,134,111641.1518,23.586956,11.783091,19.594152,0.249101
F-Canyon Creek South,-871126.7616,2204578.31, F,25,65.625,10.70833333,15.01152939,0,51,123450.9156,22.48913,12.065997,17.279706,0.35499
F-Commo,-850473.7374,2149084.393, F,6.25,68.75,6.1,11.41792299,0,48,217580.9459,25.967741,8.341475,6.83617,0.089295
F-County Road Reservoir,-883560.4733,2233584.606, F,0,43.75,15.1875,19.74913228,0,75,183506.2887,22.2,16.160566,15.647093,0.497262
F-E. Stock Tank,-883578.3551,2228402.017, F,9.375,50,16.17241379,18.11682124,0,72,164321.5975,21.483871,16.053241,14.503555,0.41597
F-Kortes Road,-875971.7953,2200719.955, F,0,68.75,11.21875,20.53593919,0,64,141061.7126,21.431579,11.375181,14.162257,0.263464
F-Kyle 63,-852456.7013,2131783.305, F,0,43.75,28.53125,30.43553142,0,87,203455.3305,25.362636,9.638026,10.22916,0.183618
F-Kyle 65,-857717.0796,2129004.792, F,46.875,65.625,4.588235294,5.852978126,0,20,244956.4975,24.652631,9.978758,10.417908,0.131926
F-Landing Strip,-910655.8079,2238512.873, F,56.25,62.5,53.35714286,33.08173361,0,95,93750.96564,21.935483,13.273774,14.568832,0.233847
F-Meers Camp,-870803.0419,2206307.455, F,0,43.75,19.3125,27.22835038,0,87,123807.5783,22.444444,12.337382,17.562808,0.353487
F-Old Carbon 31,-847518.7146,2140288.861, F,53.125,78.125,13.26666667,16.16197772,0,49,216722.8295,25.827957,9.04944,8.180709,0.164811
F-Old Carbon 34,-858185.5314,2141009.855, F,0,31.25,15.15625,16.03043351,0,51,259065.4219,26,10.422206,9.82394,0.174625
F-Old Carbon 35 1,-853562.7827,2137806.524, F,9.375,78.125,5.586206897,13.37512948,0,53,252674.0187,25.945055,10.162031,10.445282,0.196864
F-Old Carbon 35 2,-853014.899,2137107.807, F,0,37.5,31.4375,34.95336755,0,118,242741.1709,25.899999,10.089822,10.532425,0.198803
F-Old Carbon 37,-864724.5084,2140778.586, F,0,31.25,22.90625,22.8816864,0,84,258693.6218,25.634408,9.755544,9.5998,0.111382
F-Old Carbon 38,-856375.188,2142854.901, F,0,46.875,7.90625,9.73639456,0,34,272737.3714,26,9.802988,8.736048,0.16014
F-Old Percy 2,-865815.5427,2135415.801, F,6.25,40.625,12.53333333,15.4868873,0,60,246072.5957,25.521276,11.030379,10.683737,0.13657
F-Rattlesnake Spring,-870526.6762,2207120.968, F,25,87.5,0.666666667,1.809796209,0,8,126500.0637,22.48936,12.482092,17.646701,0.343863
F-Stock Tank,-884075.4951,2228498.426, F,50,53.125,46.6875,18.93750688,0,79,163905.1345,21.355556,15.890945,14.438049,0.414799
F-Substation,-887802.9087,2235491.613, F,0,46.875,11.21875,14.27321962,0,46,205227.6029,21.861701,16.053901,15.441801,0.442997
G-12 Mile Canyon East,-1122248.561,2199768.211, G,15.625,56.25,17.2962963,21.98568558,0,65,160802.1804,19.648351,9.13332,15.211411,0.214164
G-12 Mile Rim North,-1042885.423,2160475.419, G,37.5,59.375,9.1,10.51765433,0,36,104231.1563,17.813186,10.723048,8.365789,0.175974
G-12 Mile Rim South,-1043172.228,2157552.404, G,37.5,87.5,1.3,3.700640058,0,15,146024.3596,17.955554,11.043377,8.369754,0.15508
G-12 Mile Sink,-1132115.942,2193254.491, G,6.25,68.75,9.933333333,18.29251464,0,63,91030.51652,18,4.185196,7.721343,0.050014
G-15 Mile Spring,-1085399.015,2197447.757, G,6.25,56.25,33.43333333,51.51543681,0,188,132093.1157,20,8.627959,15.381424,0.198539
G-Alkali Creek,-1053189.47,2098541.351, G,12.5,56.25,17.67857143,21.86499582,0,73,75049.37227,22.892473,8.714468,8.447878,0.130589
G-Alkali Creek 1,-1104492.318,2164826.106, G,12.5,34.375,40.5,33.30276376,0,97,102521.9398,19.336956,10.668163,16.55599,0.250101
G-Alkali Creek 2,-1109339.382,2167536.296, G,34.375,40.625,25,14.28285686,0,55,97625.13635,18.870967,8.812914,13.999184,0.185928
G-Alkali Creek 3,-1109831.662,2168227.966, G,6.25,37.5,19,18.92088793,0,77,94175.50525,18.870967,8.92567,14.04806,0.193549
G-Alkali Creek 4,-1113480.982,2167652.467, G,12.5,31.25,12.42857143,10.91865061,0,43,82704.23742,19.086021,7.414776,12.024111,0.143644
G-Alkali Creek East,-1184010.687,2181657.427, G,0,62.5,8,12.42266399,0,50,155785.7639,22.261363,10.443284,13.845889,0.163554
G-Alkali Creek West,-1185348.601,2182095.911, G,0,78.125,1.40625,3.572830946,0,16,167334.9132,22.5,10.86296,13.722099,0.164618
G-Alkali Wash,-1056611.362,2102250.48, G,25,87.5,2.833333333,8.62083758,0,33,93376.29991,20.766666,8.703516,8.411861,0.104365
G-Antelope Butte,-1089818.768,2113520.136, G,0,59.375,9.5625,13.90506406,0,44,154555.771,22.666666,12.133304,5.810963,0.15998
G-Antelope Wash,-1149369.262,2085655.2, G,21.875,65.625,5.28,8.364209467,0,30,138151.4754,28.467391,7.194852,16.321382,0.021048
G-Antelope Wash East,-1144704.849,2083813.385, G,62.5,81.25,10.5,12.45719945,0,36,140368.2705,27,6.15185,16.516679,0.021273
G-Artesian,-1081720.11,2217825.353, G,0,53.125,34.8125,57.29180401,0,192,203522.8149,21.263736,10.890039,16.539878,0.226331
G-Aspen Creek,-1221331.59,2113102.656, G,68.75,78.125,17.3,15.73425139,0,41,217301.383,28.488889,13.990324,14.264466,0.242396
G-Austin Reservoir,-1181527.873,2139297.199, G,9.375,75,3.068965517,6.649011927,0,22,149681.3019,22.054347,5.104999,9.34084,0.065057
G-Austin Wash,-1174298.639,2141131.358, G,15.625,68.75,6.074074074,17.04050813,0,87,119383.7191,20.075269,6.328817,9.017678,0.099423
G-Bear River Divide,-1212454.824,2169473.215, G,3.125,84.375,0.677419355,1.640875717,0,6,102641.4891,23.663043,7.209717,14.873144,0.083618
G-Beaver Ck,-1199348.388,2212402.081, G,0,87.5,0.34375,0.970845159,0,4,107436.0742,25.079545,12.211328,21.906682,0.15791
G-Bell Creek 1,-1216772.342,2155922.593, G,21.875,59.375,19.56,21.48852407,0,65,105682.7809,24.24468,10.278585,15.691085,0.095988
G-Bert Brush,-1210400.611,2170696.904, G,46.875,46.875,44.76470588,21.1528054,11,85,97396.3714,23.554347,6.833344,15.01819,0.076117
G-Big Island 2,-1130134.814,2152297.46, G,0,75,3.53125,7.057297184,0,26,135902.2917,18.297872,4.926923,7.409041,0.033133
G-Bigelow 1,-1197018.056,2129920.199, G,0,53.125,7.75,13.06806005,0,57,276142.4395,23.83146,11.69576,17.329175,0.154077
G-Black Butte 1,-1045656.978,2124079.981, G,0,81.25,0.59375,1.521022046,0,6,108408.2558,15.795699,4.215851,10.030396,0.048668
G-Black Butte Creek,-1057116.762,2121261.126, G,0,12.5,21.25,15.40841831,0,60,168204.9061,17.377777,9.88871,8.573767,0.143189
G-Blacks Fork 1,-1125535.033,2135254.448, G,18.75,21.875,19.03846154,9.017674952,0,38,86747.19942,17.988763,5.925377,10.376302,0.078026
G-Blacks Fork 2,-1125458.112,2133577.921, G,18.75,68.75,6.5,9.218459741,0,31,83539.18508,17.98913,6.256949,10.785032,0.092626
G-Blake Hollow Gravel Pit,-1225546.719,2120861.933, G,65.625,75,14.54545455,12.23408057,0,30,238670.4302,26.588888,14.258503,15.084112,0.197901
G-BLM Road,-1168061.579,2189605.114, G,3.125,6.25,35.64516129,34.81814507,0,153,119861.6411,19.355556,3.858447,10.604061,0.017713
G-Blue Rim,-1117302.497,2158561.711, G,0,34.375,13.625,13.24155239,0,48,78256.65799,18.235954,5.248595,9.304651,0.070903
G-Bon Rico Haul Road,-1202958.421,2160577.934, G,0,43.75,7.28125,8.363647819,0,34,138783.6376,22.010639,7.902085,16.616769,0.105369
G-Boulder Ridge,-1225526.609,2195109.936, G,0,46.875,30,41.73727351,0,142,102680.8009,22.404254,11.722846,21.197786,0.178309
G-Brees Hill,-1121950.113,2105872.905, G,15.625,31.25,27.51851852,23.1323456,0,71,114030.2481,22.35955,8.359079,15.848505,0.109139
G-Bridger Airport 3,-1193666.732,2131263.325, G,0,93.75,2.3125,10.07211897,0,54,249075.248,23.6,8.33197,16.434123,0.072853
G-Bridger Butte,-1201806.476,2122455.068, G,0,56.25,3.5625,5.375797015,0,17,271430.1988,27.301074,15.661387,17.117919,0.295534
G-Bridger Creek,-1233281.595,2183293.365, G,0,31.25,11.59375,11.42679188,0,45,118306.0254,22.282608,16.546533,16.063968,0.49238
G-Brinnegar,-1119827.166,2094297.331, G,15.625,75,4.333333333,7.635947375,0,25,134081.7965,23.408601,8.842471,16.328121,0.127379
G-Brinnegar 2,-1121446.369,2094476.203, G,68.75,71.875,16,10.67707825,0,36,126355.6576,22.622222,8.692076,16.097026,0.131677
G-Buckhorn,-1136376.466,2199877.405, G,34.375,62.5,12.85714286,15.62781403,0,55,199455.5061,18.225807,5.757378,12.704216,0.084046
G-Buffalo Hump,-1091801.908,2192166.788, G,3.125,53.125,27.80645161,38.53346542,0,123,103035.529,19.849462,10.664565,16.640542,0.297813
G-Buffalo Springs,-1086116.061,2087719.873, G,0,43.75,22.53125,29.52744418,0,112,121312.9805,27.663043,13.132015,6.805137,0.231303
G-Buffalo Springs 2,-1090476.708,2090946.195, G,0,50,13.6875,17.82429929,0,58,137450.4635,29.544445,13.066679,7.67432,0.206311
G-Bulldog Hollow,-1231336.801,2181442.849, G,3.125,43.75,10.41935484,11.51455367,0,34,138045.1118,23.077777,17.162586,16.296609,0.515154
G-Bulldog Hollow South,-1232059.354,2180251.605, G,43.75,53.125,9.388888889,9.561804462,0,40,141916.3327,23.150537,17.254014,16.335311,0.541088
G-Bullpen Creek,-1212987.706,2183244.168, G,9.375,71.875,2.75862069,5.402745152,0,17,138171.7367,24.411111,10.404525,15.449964,0.098579
G-Bush Rim,-1047950.325,2191497.552, G,53.125,71.875,10.8,12.63894209,0,44,35552.23938,21.139785,5.47575,10.14529,0.064747
G-Cap White,-1201509.785,2106680.686, G,18.75,53.125,21.61538462,23.62384714,0,75,155667.0821,30.086021,4.740429,46.099769,0.007515
G-Carter Creek,-1215682.742,2162077.63, G,6.25,68.75,2.766666667,4.256300266,0,14,94262.7185,23.545454,8.149357,17.021476,0.080164
G-Cattail,-1155833.105,2117433.905, G,28.125,68.75,8.086956522,10.94163459,0,34,98977.46672,21.287233,2.990621,3.770067,0.028055
G-Chicken Springs Basin,-1055490.3,2090755.174, G,28.125,50,19.08695652,17.02648483,0,47,86467.96774,26.375,8.387316,8.664999,0.154023
G-Chindgren,-1106106.018,2172964.883, G,68.75,71.875,52.8,37.29104748,0,97,111694.231,19,9.978728,15.478208,0.24516
G-Church Butte 1,-1171646.407,2143258.941, G,25,81.25,3.708333333,8.720187307,0,39,128886.6821,19.494504,5.456605,7.929388,0.080344
G-Clear Creek Ridge,-1210086.042,2178137.934, G,0,46.875,10.125,12.39862115,0,41,148496.0989,23.391304,8.149277,15.505444,0.056427
G-Collett Basin,-1224789.728,2180451.293, G,3.125,40.625,32.48387097,33.13494728,0,99,135022.0786,24.576086,14.201946,16.603473,0.362281
G-Continental Divide,-1050324.262,2162457.33, G,6.25,62.5,6.166666667,10.29925787,0,39,167793.2118,17.923076,8.613889,8.401118,0.158965
G-Cottonwood Creek,-1235701.013,2172166.575, G,0,75,2.6875,5.561605129,0,19,146055.1237,24.2,16.619781,17.730682,0.578247
G-County Line,-1087683.414,2218268.831, G,68.75,68.75,22.4,14.73619882,4,48,189205.7217,21,10.986054,16.082641,0.241297
G-County Rd 4,-1134306.134,2163726.513, G,6.25,75,6.433333333,12.58812613,0,46,98975.00822,18.063829,5.407191,7.3027,0.036845
G-County Rd 4 West,-1136181.039,2162976.584, G,68.75,75,7.3,6.395310782,0,20,100259.6424,18.290323,4.944789,6.790727,0.038015
G-Craven Reservoir 1,-1183217.871,2184102.278, G,0,87.5,6.1875,18.27820401,0,82,153793.4481,22.483871,9.991346,13.073351,0.125012
G-Craven Reservoir 2,-1183297.348,2183604.747, G,0,100,0,0,0,0,154585.2609,22.433332,9.988957,13.255956,0.135288
G-Crockers Point,-1206567.323,2161501.136, G,0,9.375,40,28.63113577,0,117,132252.3589,22.644443,10.084167,17.032865,0.143941
G-Cumberland 1,-1212457.721,2142636.683, G,0,46.875,31.71875,39.9210789,0,117,179667.4194,23.516483,10.506424,18.588003,0.12683
G-Cumberland 2,-1211480.249,2143093.28, G,0,96.875,0.03125,0.176776695,0,1,175459.1071,23.347826,10.060831,18.83819,0.109619
G-Dee Ranch,-1219086.085,2142673.03, G,43.75,78.125,1.888888889,3.37619502,0,10,149655.9733,24.393617,11.863378,15.492872,0.177506
G-Dee Ranch Road,-1209578.441,2144933.743, G,0,93.75,0.15625,0.723315618,0,4,186933.0363,23.096775,8.618504,18.83341,0.074585
G-Delaney Creek,-1174458.195,2221654.14, G,71.875,75,24,14.7478812,0,36,118495.7321,22.51111,9.08582,14.288585,0.128246
G-Dempsey Basin,-1205140.618,2209337.646, G,3.125,53.125,17.93548387,26.11377093,0,81,120558.2202,26.096775,12.611595,17.044893,0.201533
G-Desertion Point East,-1182029.729,2157600.221, G,56.25,71.875,15.28571429,19.89753975,0,54,69381.63257,20.56044,1.520071,4.61271,0.019312
G-Divide,-1071274.57,2228842.976, G,31.25,62.5,71.86363636,81.69822255,0,248,164609.3638,23.467391,14.395039,13.209572,0.43441
G-Dodge Rim E.,-1149286.873,2185880.422, G,34.375,81.25,1.428571429,2.481359075,0,8,120812.7316,18.056818,4.880585,7.226233,0.047151
G-Drill Hole,-1044713.331,2162955.673, G,59.375,65.625,61.38461538,55.56308496,0,166,88904.44364,17.752687,9.793737,8.176709,0.179601
G-Dripping Rock,-1054911.325,2107876.774, G,9.375,37.5,12.96551724,11.28362517,0,32,128905.4301,19.795698,10.635864,7.725473,0.135724
G-Dry Crk. 1,-1172264.447,2098529.42, G,12.5,81.25,2.178571429,4.682936491,0,17,136728.7725,27.870967,7.558223,12.726515,0.089857
G-Dry Crk. 2,-1169960.596,2100407.306, G,15.625,65.625,6.222222222,9.736265803,0,33,154919.036,27.811111,10.927498,14.111213,0.14163
G-Dry Crk. 3,-1167750.623,2101860.948, G,12.5,87.5,2.642857143,6.886456304,0,24,167501.2155,26.152173,11.154756,14.321592,0.140099
G-Dry Crk. 4,-1168098.08,2101334.47, G,12.5,65.625,9.178571429,15.46334632,0,51,163358.8324,26.602149,11.451774,14.545666,0.149561
G-Dry Hollow,-1175576.739,2214662.093, G,62.5,93.75,0.916666667,2.234373344,0,7,115523.0818,22.011236,8.771217,13.903668,0.123161
G-Dry Muddy 3,-1182116.999,2160666.275, G,34.375,90.625,2,6.25299928,0,27,77025.12519,20.813186,1.482631,4.349385,0.018934
G-Dry Sandy 1,-1085790.381,2210139.797, G,0,46.875,17.84375,22.63469985,0,84,177446.7716,20.333333,10.386654,16.046924,0.120325
G-Dry Sandy 2,-1082819.591,2212342.337, G,0,75,5.46875,16.83694933,0,90,178270.9922,20.462366,10.774497,16.190675,0.139247
G-East Fork Bullpen,-1216163.482,2181199.28, G,3.125,84.375,1.096774194,3.562347903,0,16,142238.6358,25.266666,11.818447,14.528839,0.138225
G-East Of Eden,-1093269.012,2196178.493, G,0,40.625,31.5625,33.32337889,0,86,144867.4136,19.806451,8.570837,19.625036,0.184124
G-East Willow Ck,-1189063.885,2190282.154, G,28.125,78.125,1.956521739,3.404252166,0,12,153585.9374,23.483516,11.427318,11.495053,0.13183
G-Eastside Crawford,-1235120.463,2174595.072, G,0,21.875,44.03125,37.46782222,0,123,147721.7835,23.899999,16.092996,17.046628,0.538728
G-Elk Butte,-1072519.991,2096992.009, G,3.125,56.25,9.774193548,14.81825378,0,49,125334.301,26.677419,10.415003,9.197765,0.104779
G-Emigrant Springs South,-1178691.7,2198582.125, G,34.375,84.375,1.047619048,2.01186954,0,6,108483.2585,22.033332,10.322054,13.424418,0.203417
G-Emigrant Trail 1,-1174574.132,2196464.096, G,25,50,26.875,22.88974044,0,70,120371.7757,20.576086,7.336683,13.597084,0.129833
G-Emigrant Trail 2,-1174873.429,2195195.765, G,56.25,59.375,22,12.87215241,0,43,131053.919,20.548387,7.080413,13.838577,0.114247
G-Fenn Creek,-1198888.485,2206166.747, G,50,53.125,15.75,8.888194417,0,31,120261.8958,25.826086,11.729439,21.811849,0.112626
G-Flowing Well,-1121545.9,2194870.113, G,18.75,81.25,1.961538462,5.007840007,0,22,118008.3972,19.119565,9.513259,14.75007,0.216423
G-FMC Granger,-1143584.553,2163380.102, G,68.75,71.875,24.6,17.1671521,0,53,137124.6617,19,3.151,4.693634,0.031194
G-Gasson Bridge East,-1118772.661,2180852.836, G,0,43.75,12.875,16.66704301,0,49,96363.68448,18.880434,5.326176,8.656202,0.083335
G-Gasson Bridge West,-1125782.952,2181460.663, G,21.875,50,43.48,45.07135084,0,147,67197.44411,18,4.260394,6.653222,0.042173
G-Grade Cr. Bench,-1216087.332,2221763.533, G,53.125,75,5.733333333,8.786895004,0,28,149038.456,26.758241,10.128429,36.054496,0.066522
G-Grassy Draw,-1217478.71,2116287.083, G,18.75,31.25,33.76923077,23.67328907,0,96,253938.1757,26.695652,13.671916,15.239046,0.245788
G-Greenhough Flat 1,-1099676.402,2083748.88, G,0,46.875,8.15625,9.360553385,0,30,159233.983,29.858695,13.352187,8.950976,0.165057
G-Hampton Main,-1184500.778,2150288.34, G,53.125,65.625,26.46666667,29.12992243,0,87,103621.305,21.021505,2.359825,7.674299,0.027573
G-Hank Hollow 2,-1167810.379,2118537.341, G,34.375,56.25,26.04761905,24.3402469,0,66,162355.3034,18.747253,5.856248,7.984864,0.091807
G-Hank Hollow Bench,-1169006.5,2122364.313, G,0,56.25,3.5625,5.978118703,0,25,136315.8884,18.212766,6.024223,8.028328,0.095374
G-Hay Creek,-1067038.53,2225791.41, G,37.5,59.375,50.95,63.02837707,0,212,197388.1526,23.391304,13.765641,13.991321,0.427812
G-Heard Hollow,-1212996.364,2166599.642, G,0,34.375,22.40625,20.75643604,0,61,102936.0089,23.505495,7.19101,15.797211,0.083928
G-Hilltop,-1181087.455,2089217.456, G,9.375,71.875,4.034482759,6.91004837,0,22,159436.2566,31.39785,2.541442,51.188877,0.000572
G-Honey Creek,-1189364.03,2102206.185, G,0,37.5,24.625,28.80608135,0,86,232823.1685,31.623655,14.627494,23.820613,0.411315
G-Horse Creek,-1222158.892,2204327.611, G,0,34.375,12,14.29188807,0,49,121093.1667,23.021978,13.056923,25.369327,0.322406
G-Hwy 372,-1165605.506,2192742.186, G,25,84.375,4.208333333,8.697721674,0,28,153119.225,18.956521,3.724235,11.39855,0.01538
G-Jack Morrow Ck.,-1080228.071,2204069.177, G,15.625,50,21.40740741,26.41133099,0,91,184042.5671,20.01111,10.023322,16.093322,0.195188
G-Jackson Cr. North,-1174710.868,2200403.971, G,34.375,46.875,27.80952381,19.75757841,0,67,121865.4836,20.914894,8.071631,12.64831,0.151708
G-Joe Krall,-1189538.102,2219924.305, G,65.625,71.875,9.272727273,8.355727486,0,22,96269.97048,24.365591,12.082177,17.136377,0.146893
G-Joyce Crk. 1,-1083803.348,2103634.769, G,34.375,50,33.0952381,33.37799389,0,121,160722.8509,23.791208,11.015952,7.274779,0.141994
G-Juel Creek 1,-1074984.959,2219561.346, G,15.625,53.125,28.74074074,42.68001928,0,161,213119.7651,21.98913,14.057968,16.109329,0.445602
G-Juel Creek 2,-1077925.599,2220546.906, G,0,53.125,21.78125,30.58750997,0,114,202268.7378,21.912088,13.30863,16.3062,0.418489
G-Killpecker Crk,-1081507.14,2177229.408, G,0,34.375,42.5625,43.54748058,0,164,107754.499,18.75,7.879582,16.335435,0.12543
G-Laney,-1081921.743,2090474.125, G,46.875,59.375,24.52941176,21.76613668,0,68,135794.096,26.208791,12.497802,7.217138,0.153717
G-Larson Reservoir Lek,-1220358.912,2214966.972, G,0,81.25,1.34375,3.258827961,0,13,181381.5096,24.566667,9.536355,34.471614,0.091215
G-Leavitt Bench 2,-1188558.767,2102894.454, G,0,84.375,1.78125,4.870810855,0,20,239822.2532,30.755319,15.974186,18.375837,0.432163
G-Leavitt Bench 4,-1192058.453,2102310.269, G,37.5,84.375,2.1,4.733975741,0,16,238349.6494,31.835165,8.838704,36.541347,0.157902
G-Lewis Gravel,-1125181.464,2151041.352, G,59.375,71.875,14.53846154,14.20454965,0,41,168417.3474,17.98913,5.591372,11.704063,0.038728
G-Limekiln Gulch,-1236354.236,2131436.865, G,6.25,62.5,4.5,6.851881191,0,24,296864.8403,22.344444,13.896397,20.486246,0.271252
G-Linden Canyon,-1209096.214,2189348.324, G,53.125,53.125,21,11.32632837,2,40,108219.3737,25.122222,8.682835,15.50973,0.068621
G-Little America 6,-1144883.201,2145908.831, G,18.75,75,1.961538462,5.180585058,0,26,146593.445,19.066667,4.329931,5.50783,0.031133
G-Little Bitter Crk.,-1091906.357,2107464.986, G,0,62.5,16.9375,26.2714582,0,79,154916.5048,22.956989,12.833114,6.828363,0.165292
G-Little Colo Well 11,-1118895.065,2202778.716, G,34.375,50,31.95238095,32.54147537,0,98,134907.6236,20.107526,10.07864,17.123506,0.248023
G-Little Dry Creek,-1134742.449,2123247.515, G,18.75,46.875,28.23076923,25.47360625,0,90,80067.2056,20.32258,4.506388,6.289105,0.059246
G-Little Hogsback,-1212435.166,2148452.329, G,0,56.25,10.65625,13.75502108,0,39,148712.0975,23.318681,9.146522,18.052839,0.085453
G-Little Muddy Rim,-1193692.872,2158566.991, G,18.75,65.625,17.19230769,24.66579694,0,69,88558.13227,21.98913,4.509649,14.747221,0.031437
G-Little Prospect,-1083603.705,2247936.448, G,40.625,78.125,4.526315789,7.581911376,0,25,155673.0472,27.01111,17.600233,17.395967,0.643926
G-Little Round Mtn North,-1188891.911,2166904.472, G,12.5,56.25,23.60714286,27.81331853,0,88,98055.3221,21.39785,4.360607,12.741866,0.034573
G-Little Round Mtn South,-1191189.238,2162321.299, G,34.375,65.625,17.04761905,19.42543742,0,59,98378.17178,21.722221,4.945873,14.899882,0.038062
G-Lost Dog 1,-1119465.885,2123240.804, G,0,75,2.75,5.588005588,0,18,122642.3088,20.125,9.706866,15.687091,0.112438
G-Lost Dog 2,-1119248.223,2117079.301, G,0,65.625,5.96875,11.21198775,0,35,118843.3074,20.574468,9.53897,16.375692,0.181748
G-Lost Dog/Hwy 530,-1119018.78,2125752.053, G,0,46.875,15.5,18.758224,0,60,126766.9625,19.521739,9.153756,15.240996,0.072751
G-Main Road,-1168861.162,2116673.567, G,18.75,75,11.5,18.75793166,0,50,163459.1291,19.516128,5.488716,7.965851,0.081713
G-Meadow Sp 2,-1158537.197,2130947.991, G,18.75,43.75,31.34615385,25.52950028,0,74,125869.415,17.473117,6.69815,9.415709,0.126247
G-Meadow Sp 3,-1154124.902,2132496.68, G,18.75,46.875,24.88461538,25.51129463,0,79,56952.33787,19.148935,4.163721,5.771446,0.059988
G-Middle Clear Creek Ridge,-1212527.375,2175924.906, G,59.375,59.375,33.92307692,14.15663295,21,71,134339.8191,24.119565,8.194736,14.504649,0.072868
G-Midland 2,-1087936.744,2241122.28, G,15.625,56.25,56.2962963,82.28553234,0,279,187159.2636,24.266666,14.476556,14.933866,0.387228
G-Mormon Knoll,-1116325.473,2185407.796, G,34.375,93.75,1.666666667,5.266244709,0,18,157242.2252,19,8.688032,13.898027,0.162097
G-Mulkay Springs,-1186599.056,2146856.921, G,53.125,84.375,4,8.159131606,0,29,106959.11,21.725275,2.341587,7.883817,0.025182
G-Mulkay Springs North,-1190046.846,2158657.895, G,53.125,75,14.73333333,19.20738945,0,61,89494.88484,21.553192,3.861263,12.774174,0.034794
G-Musselman Draw,-1205554.097,2117232.914, G,0,62.5,9.53125,17.27759014,0,78,203394.5491,28.538461,13.607292,19.639829,0.280246
G-Nancy Hill Grave,-1208206.354,2197175.538, G,9.375,65.625,4.620689655,8.861690395,0,39,116643.1393,27.031915,10.852206,14.978764,0.100041
G-Nellie Case,-1200790.13,2217314.538, G,68.75,68.75,15.6,7.121173436,6,31,120152.7018,24.943181,14.34814,15.238363,0.235398
G-No Name,-1214804.737,2141785.988, G,0,78.125,1.84375,4.739057855,0,21,169357.9515,23.881719,11.221788,18.039896,0.157617
G-Norris Tratnik,-1169112.25,2202823.443, G,56.25,65.625,7.785714286,6.326726842,0,20,130485.789,19.945055,5.291898,13.484837,0.066589
G-North Buckboard,-1127307.665,2111023.867, G,34.375,40.625,58.85714286,40.1712406,0,148,120757.9453,23.186813,7.401682,11.994987,0.080798
G-North Crawford,-1236109.873,2181620.811, G,0,15.625,34.28125,24.56621648,0,78,75873.33532,22.399999,16.562816,16.263109,0.563065
G-North Halfway Hollow,-1128562.002,2116351.816, G,46.875,46.875,47.64705882,21.60422753,17,87,98862.14618,22.255319,6.767812,12.305625,0.059046
G-North Pacific Crk 7,-1075443.887,2214903.221, G,0,75,5.5625,12.96630248,0,58,177748.0801,20.944444,13.001685,16.731931,0.294383
G-North Twin Cr,-1207395.636,2187342.265, G,3.125,46.875,18.96774194,25.66253283,0,87,123145.1217,24.404495,8.316379,15.615323,0.048976
G-Oregon Trail Marker,-1066450.276,2218445.242, G,65.625,71.875,23.81818182,22.09442546,0,62,215696.2784,22.34066,12.273607,15.285778,0.255463
G-Ox Yoke,-1081996.109,2196214.341, G,34.375,68.75,21.95238095,29.7497499,0,91,151813.4731,20.144443,9.410045,15.068996,0.224072
G-Pacific Creek Playa,-1051473.18,2220515.628, G,0,6.25,36.84375,28.57148293,0,116,166097.6093,23.863157,15.700198,10.269582,0.417017
G-Patrick Draw,-1053645.522,2117074.787, G,0,12.5,23.03125,11.71016756,0,49,110356.1861,17.526882,9.115136,8.191869,0.152929
G-Perry Bench,-1200101.099,2101655.344, G,15.625,56.25,6.296296296,8.57462632,0,32,163042.7281,31.649484,5.486945,42.119922,0.015119
G-Petersen Ranch Lek,-1222869.841,2200880.136, G,0,31.25,24.28125,22.16686626,0,76,112572.2616,22.769229,12.800415,22.540569,0.262054
G-Petroglyph,-1089209.552,2168075.28, G,53.125,65.625,18.26666667,18.96789267,0,58,100891.7687,19.446807,5.85014,16.567756,0.059488
G-Question Mark Reservoir,-1226293.033,2174598.006, G,65.625,78.125,7.818181818,7.318718219,0,19,125995.7496,24.858695,12.440532,17.053291,0.259446
G-Reed Reservoir,-1178869.68,2105613.075, G,15.625,84.375,3.777777778,10.62773343,0,40,217271.3643,24.955055,8.356584,12.541299,0.060917
G-Rifes Rim East,-1060429.077,2087337.006, G,31.25,40.625,10.13636364,7.851572209,0,31,68931.54012,28.301074,7.900289,9.008934,0.109649
G-Rifes Rim West,-1070270.324,2086385.732, G,28.125,56.25,17.56521739,24.49828582,0,77,96540.2357,30.159574,9.280267,8.777507,0.065386
G-Rigby Road,-1048183.118,2163263.287, G,37.5,96.875,0.5,2.236067977,0,10,131760.2368,17.934782,9.395733,8.165899,0.183954
G-Roberson East,-1170474.703,2167835.786, G,59.375,87.5,2.384615385,4.388212649,0,12,66754.18492,20.279569,5.865101,10.652964,0.104421
G-Roberson North,-1173388.054,2169180.115, G,59.375,71.875,6.846153846,5.885662719,0,16,75106.44711,20.626373,6.008747,10.56236,0.104034
G-Round Mtn,-1178563.826,2185408.852, G,0,37.5,12.28125,14.06490571,0,47,133891.4745,21.322221,7.686773,14.071317,0.059309
G-Sage,-1228381.011,2185380.775, G,0,46.875,7.09375,9.663230526,0,33,136346.1807,22.893617,14.910943,16.381006,0.310979
G-Salt Creek 1,-1234778.778,2154616.56, G,12.5,50,15.78571429,16.18036566,0,51,210580.686,23,15.624134,17.585714,0.369197
G-Sand Creek,-1042172.458,2106517.272, G,59.375,78.125,27.38461538,36.68228106,0,119,96426.17113,20.544445,11.074436,8.377943,0.132838
G-Sand Knoll,-1227133.233,2176721.966, G,40.625,84.375,1.473684211,2.835654364,0,10,133522.491,24.413043,13.414024,17.436771,0.315478
G-Sand Knolls 1,-1096308.295,2182048.233, G,12.5,43.75,30.28571429,35.25447925,0,119,124400.4091,19.977272,9.971617,15.528706,0.191224
G-School Sect Springs,-1188397.276,2188195.968, G,0,93.75,1.0625,5.327575857,0,30,162469.076,23.333333,11.205917,11.814117,0.106912
G-Shurtleff,-1215065.174,2145196.641, G,0,93.75,0.25,1.244342034,0,7,166564.6747,23.869565,11.725182,17.686216,0.16637
G-Simpson,-1111799.942,2207716.065, G,15.625,53.125,27.40740741,36.2610824,0,116,99978.5626,20,11.163032,17.201971,0.305482
G-Skull Point West,-1207351.613,2170598.235, G,53.125,56.25,19.33333333,11.04320519,0,39,141526.9168,23.186813,7.496216,15.719641,0.077284
G-Small Pox Creek,-1214276.814,2188368.388, G,53.125,78.125,4.466666667,7.356888576,0,19,120735.392,25.170454,11.150442,15.768038,0.095566
G-Snow Creek,-1226725.639,2208931.618, G,15.625,87.5,1.518518519,3.806577004,0,13,112553.6284,23.69149,11.18451,29.332487,0.233226
G-Solvay 1,-1140572.306,2137049.143, G,0,75,4.34375,9.071790288,0,30,106515.6347,19,4.231246,5.015601,0.039437
G-Solvay 2,-1134585.122,2133636.712, G,37.5,59.375,8.3,9.679604168,0,31,101393.4694,19.096775,4.47015,6.666002,0.047036
G-South Banana Ranch,-1104269.245,2184883.359, G,68.75,71.875,10.4,8.694826048,0,32,130211.4768,19,9.21664,14.04509,0.164102
G-South Collett Ck,-1224694.703,2177884.8, G,43.75,50,21.11111111,16.88678177,0,61,143813.5999,24.881719,13.749641,16.540313,0.334521
G-South Haystack 1,-1212660.572,2136951.558, G,0,84.375,0.625,1.913449848,0,9,188952.6538,23.510869,9.687678,19.291988,0.065016
G-South Haystack 2,-1216300.372,2136817.546, G,12.5,93.75,0.071428571,0.262265264,0,1,166347.19,23.880434,10.00915,18.27783,0.10916
G-South Twin Creek,-1207736.713,2176405.737, G,0,28.125,21.21875,24.58656121,0,106,131352.0503,22.826086,7.996751,15.033578,0.064529
G-Spicer 1,-1086295.738,2225030.838, G,12.5,50,22.60714286,28.17319357,0,94,187358.3181,21.933332,12.790658,16.680252,0.361443
G-Spicer 2,-1088921.11,2223007.308, G,62.5,62.5,46.33333333,25.68102707,19,89,168172.9744,21.354839,12.057238,17.143529,0.338886
G-Spicer 3,-1090549.513,2227645.438, G,65.625,65.625,98,50.52722039,30,168,154568.9029,22.095745,12.489113,17.414892,0.368549
G-Spicer 4,-1088684.945,2230475.057, G,71.875,71.875,91.88888889,48.95519493,30,162,147071.3257,23.193548,12.698507,16.419906,0.34611
G-Spitzi,-1107734.593,2096455.661, G,59.375,71.875,8.692307692,8.34050973,0,26,72154.55084,31.351064,11.710559,12.165986,0.122535
G-Stagecoach,-1108944.482,2183555.448, G,68.75,71.875,42.4,22.55955082,0,68,135426.3987,19,8.263428,13.169867,0.168656
G-Stateline,-1028963.588,2066369.85, G,65.625,65.625,38.54545455,16.48856353,13,65,51595.51874,25.472526,7.511192,7.918925,0.11723
G-Sublette,-1084191.022,2215073.108, G,40.625,65.625,63.05263158,76.40933166,0,233,197440.6144,20.840909,10.713342,16.436244,0.176711
G-Sullivan Hollow,-1177115.174,2207522.362, G,62.5,68.75,16.41666667,11.29326697,0,41,139343.3343,21.784946,8.636424,14.477011,0.121374
G-Trail Creek,-1220596.777,2209557.303, G,0,96.875,0.3125,1.767766953,0,10,141028.5074,23.891304,12.257519,28.751359,0.245472
G-Upper 10 Mile,-1042484.85,2153899.78, G,34.375,40.625,25.14285714,17.23161546,0,57,173450.0663,17.439559,10.03903,8.675793,0.149324
G-Upper Dry Wash 1,-1173028.638,2112010.464, G,21.875,59.375,10.44,12.3155728,0,39,173153.6565,21.791208,6.35831,9.909209,0.053102
G-Upper Dry Wash 2,-1169327.844,2111693.329, G,0,90.625,0.34375,1.598575475,0,9,168684.1166,21.11111,5.92282,9.946394,0.062772
G-Upper Salt Wells 1,-1074713.779,2084663.066, G,12.5,68.75,13.03571429,18.40386864,0,46,98478.50417,30.880434,11.379032,7.98925,0.11336
G-Upper Salt Wells 2,-1081634.51,2085985.246, G,12.5,50,12.03571429,12.10901759,0,37,117454.3379,28.297872,12.742574,6.670219,0.208386
G-Viva Naughton,-1200135.238,2202519.468, G,53.125,56.25,9.8,6.773899489,0,26,131743.7322,25.819149,12.66763,16.91765,0.13614
G-Viva Naughton West,-1203334.385,2200479.417, G,53.125,81.25,2.4,3.942443042,0,11,117009.5771,25.808988,12.357335,13.055608,0.123098
G-West Beaver,-1202945.174,2214904.197, G,53.125,65.625,5.866666667,5.194319241,0,16,115158.0639,24.945055,13.761667,16.953933,0.219686
G-Williams Gas Line,-1169558.403,2200058.548, G,56.25,93.75,1,2.541955637,0,7,129693.9778,19.774192,4.82814,13.564519,0.060244
G-Williams Reservoir No 2,-1077571.932,2222029.703, G,65.625,71.875,37.81818182,35.47905912,0,106,199269.5809,22.223403,13.720975,15.973832,0.432398
G-Wyman Creek,-1220265.339,2207413.116, G,3.125,46.875,7.419354839,8.913563423,0,25,137385.7158,23.955554,13.069421,26.684589,0.283652
G-Yellow Point North,-1149282.488,2170296.323, G,68.75,71.875,24.4,14.55411358,0,48,82806.46814,18.64516,1.975415,4.285178,0.022611
G-Zieglers Wash North,-1169126.376,2163414.58, G,59.375,71.875,3.615384615,3.330126663,0,9,83193.74704,20.065933,4.031399,8.118579,0.050721
G-Zieglers Wonder Wash,-1168223.592,2160156.732, G,34.375,62.5,17.42857143,18.32367711,0,58,86316.86039,20,3.238621,6.148969,0.040314
H-10 Creston,-968792.3783,2133948.625, H,3.125,90.625,0.709677419,2.673244575,0,14,215922.2922,23.681318,11.831491,6.273835,0.210641
H-1277023,-832715.6019,2046230.633, H,0,90.625,0.125,0.42121177,0,2,127935.6053,34.166667,9.192715,29.831214,0.03747
H-1277114,-832817.5337,2043636.762, H,0,75,1.65625,3.168487733,0,11,90039.81001,34.451614,8.507928,30.216106,0.014288
H-1281031,-872831.9442,2051615.238, H,0,90.625,0.5,1.665591051,0,7,122474.4313,35.033332,7.032522,20.447666,0.023365
H-1376324,-827470.982,2047571.779, H,0,100,0,0,0,0,144268.2815,34.032608,10.234278,17.269535,0.163399
H-1381171,-875248.9145,2058606.088, H,46.875,53.125,13.88235294,9.571326664,0,32,147431.6736,33.542552,10.504432,22.829032,0.063676
H-1477074,-837181.6666,2065094.426, H,0,96.875,0.125,0.707106781,0,4,143583.4479,31.211111,0,29.26198,0
H-1482163,-882318.4297,2068399.158, H,0,93.75,1.125,5.67819826,0,32,192712.7343,31.644443,7.62756,19.007328,0.066092
H-1482221,-880813.0969,2067448.896, H,0,90.625,0.40625,1.340663654,0,6,185682.5404,32.544445,9.438437,19.815229,0.156432
H-1582282,-880548.9023,2075160.579, H,0,34.375,15.28125,19.24583637,0,85,153616.9528,30.297872,9.938954,18.775209,0.116893
H-1583113,-886966.106,2080020.307, H,28.125,96.875,0.347826087,1.668115312,0,8,148573.1056,28.23913,5.387169,15.159331,0.008008
H-1583243,-886279.4438,2077050.569, H,59.375,90.625,1.846153846,4.298180891,0,15,140670.3495,28.5,3.91945,16.613599,0.010149
H-1583351,-887935.6479,2074389.745, H,0,93.75,0.53125,2.828248917,0,16,132764.1323,28.829786,3.446924,16.178302,0.010294
H-1585153,-907980.7599,2080614.373, H,68.75,81.25,3.8,4.894441291,0,15,170006.5702,35.590908,7.784051,19.290151,0.027721
H-1684133,-894421.7083,2089298.287, H,0,31.25,28.65625,26.99654622,0,86,221289.1043,27.388889,7.784839,8.45189,0.065336
H-1684253,-894516.4696,2086067.48, H,0,43.75,11.875,13.67538405,0,42,206423.6939,27.606382,6.75796,9.736351,0.069257
H-1684273,-897700.5762,2086120.049, H,0,87.5,1.375,6.215225841,0,35,202215.2693,28.177778,6.715836,10.404435,0.068571
H-1684331,-899464.5747,2085372.578, H,15.625,87.5,0.814814815,2.236704943,0,8,177289.5327,28.434782,6.242728,12.036823,0.054754
H-1684353,-896368.7174,2084376.613, H,0,87.5,1.03125,3.578469442,0,19,193285.1694,28.123596,6.484367,10.800438,0.063318
H-1685214,-907258.3244,2088980.325, H,53.125,53.125,23.8,11.4217837,7,45,178904.735,29.602149,6.713898,14.466266,0.043363
H-1685232,-904438.5316,2089296.046, H,0,59.375,7.875,11.79051013,0,45,166714.7256,28.43617,5.512055,14.206401,0.031501
H-1783041,-888109.9652,2102590.934, H,0,34.375,32.34375,29.99312757,0,91,236217.7224,26.258426,7.847899,8.051882,0.084535
H-1784314,-901222.7686,2095355.161, H,0,56.25,3.9375,7.111723624,0,31,193909.7974,26.617021,6.883573,8.932488,0.079497
H-1785042,-906501.616,2105237.371, H,0,34.375,17.3125,15.33168236,0,43,158542.3872,27.35955,8.755364,8.838944,0.153486
H-1785102,-904964.0787,2102787.312, H,3.125,93.75,1.193548387,4.621827596,0,19,187464.7501,26.652173,7.436995,9.165052,0.115671
H-1785282,-907330.9759,2098249.214, H,0,93.75,0.59375,2.600984615,0,14,168256.6284,28.344444,9.113807,7.636235,0.16692
H-1785331,-907804.9724,2097270.771, H,0,28.125,42.40625,35.47362435,0,130,164134.9616,28.537633,8.839416,8.428302,0.153253
H-1785362,-903175.9078,2096852.107, H,0,40.625,20.46875,20.54732441,0,59,192281.0143,27.097826,7.756973,7.399231,0.110489
H-1786163,-917029.83,2102183.013, H,0,56.25,32.28125,48.76423489,0,175,185755.9527,31.19149,12.929326,11.910828,0.259484
H-1883112,-883270.9758,2110401.126, H,0,81.25,1.46875,3.636591589,0,17,209658.1301,27.688171,7.826075,14.503996,0.133002
H-1883133,-883218.7472,2110426.64, H,0,71.875,4.90625,9.351071614,0,35,209979.1203,27.688171,7.848473,14.565748,0.133647
H-1883152,-885606.519,2108877.092, H,0,68.75,4.4375,7.799658801,0,28,218063.1362,27.172042,7.870175,10.754248,0.106366
H-1885223,-905419.5308,2108578.394, H,0,37.5,15.65625,15.62175773,0,51,156706.4016,25.795454,8.624873,7.483095,0.112554
H-1981293,-868759.4842,2113100.517, H,0,81.25,0.625,1.560603688,0,6,130143.7778,35.755554,11.170303,23.030622,0.127404
H-1983074,-889138.7806,2119629.601, H,0,25,19.25,16.0120922,0,45,172986.4,26.19149,4.96022,11.014447,0.012776
H-1983302,-889403.7143,2115767.867, H,0,100,0,0,0,0,186526.6292,26.736263,5.642251,11.19815,0.016599
H-1983323,-890301.9979,2117389.535, H,0,81.25,3.0625,7.201870277,0,26,183869.8796,26.505376,5.893255,9.825717,0.010668
H-1984172,-896679.9786,2119954.183, H,0,37.5,16.03125,16.16943428,0,45,185546.1506,25.184782,6.901826,6.978908,0.027835
H-1984294,-896940.128,2115606.322, H,0,90.625,0.34375,1.15309891,0,5,194976.1673,26.043478,7.579145,7.201567,0.025035
H-1984312,-899287.6765,2115317.774, H,9.375,37.5,15.34482759,15.08375631,0,64,198263.2823,25.516853,7.239455,7.756656,0.030816
H-1984332,-895979.9255,2115213.728, H,0,40.625,19.75,23.2156788,0,69,202195.6145,26.258064,7.688117,7.055369,0.021727
H-2083292,-886674.5244,2125189.722, H,0,93.75,0.21875,0.87008991,0,4,194276.4493,25,5.540236,11.199097,0.022802
H-2084341,-893911.0006,2124565.28, H,0,37.5,13.09375,16.2666478,0,62,211815.3095,24.184782,6.818075,6.331396,0.025048
H-25 Creston,-966719.4897,2137916.076, H,0,100,0,0,0,0,211504.7521,22.913978,11.469019,5.87327,0.125963
H-25 Separation Creek,-950380.2611,2123389.317, H,0,93.75,0.1875,0.89577863,0,5,167197.6179,29.188888,12.883078,9.2126,0.321815
H-9 High Point,-1002763.061,2160248.557, H,21.875,25,7.08,5.163332257,0,16,92742.62945,19.957447,6.027728,7.635669,0.092954
H-9 Separation Creek,-944202.6205,2156516.226, H,21.875,46.875,15.12,13.69403763,0,42,118707.1809,20.736263,6.14362,6.99063,0.05674
H-Alkali Well,-1031934.483,2179685.632, H,34.375,46.875,19.9047619,18.85710678,0,55,39342.93216,17.422222,8.446305,8.316761,0.19156
H-Annis,-894287.151,2218161.117, H,0,62.5,7.25,11.17023695,0,35,88654.32482,18.944444,7.614988,9.85513,0.069682
H-Arapahoe,-981631.3805,2198377.226, H,0,3.125,64.71875,34.58158598,0,134,223268.2639,19.065933,8.364462,8.906567,0.151796
H-Arkansas,-903856.3771,2207934.084, H,6.25,15.625,32.03333333,20.62386186,0,85,141048.4511,19.369565,10.963583,8.502137,0.164963
H-Arkansas Basin,-908654.945,2203958.27, H,43.75,46.875,49.94444444,32.19878007,0,117,167943.1076,19.98913,10.619832,7.27466,0.193018
H-Basin Well,-1024934.175,2184301.618, H,18.75,75,4.5,9.605206921,0,39,57425.30902,17.799999,8.641808,7.63887,0.188001
H-Bastard Butte,-1013877.26,2194192.365, H,15.625,28.125,17.03703704,13.11335632,0,51,54528.22055,18.494504,5.47391,7.942669,0.059798
H-Bear Creek,-1021998.212,2195105.915, H,18.75,75,1.730769231,3.053623321,0,10,53458.60905,18.860214,4.469439,7.887671,0.050388
H-Benchmark,-942790.5251,2153484.105, H,21.875,84.375,2.36,5.641217363,0,21,121552.175,21.141304,6.942265,7.396973,0.06789
H-Black Rock Flat,-1033622.736,2169624.675, H,25,53.125,8.708333333,9.261792327,0,30,36503.69776,16,5.012485,10.990921,0.074839
H-Bobs,-968630.322,2142905.126, H,62.5,65.625,35.58333333,20.69456816,0,74,186598.5316,23.065933,11.312957,5.660667,0.194069
H-Boggy Meadows North,-924870.1477,2181599.78, H,0,0,35.5,18.91236155,5,79,232236.7645,21.182796,7.78196,5.261723,0.132774
H-Boggy Meadows Rim,-929171.0471,2180194.973, H,0,75,2.21875,5.463865907,0,27,162722.7519,20.193548,6.123477,4.482104,0.076208
H-Bridger Pass,-943188.6301,2117153.581, H,0,75,2.09375,4.686007827,0,18,151306.9531,33.361701,14.407102,15.406149,0.278514
H-Buck Spring,-935017.5566,2158818.553, H,0,18.75,14.3125,13.76633927,0,52,138581.1345,21.782608,9.306551,6.364064,0.108844
H-Buck Springs Draw,-947716.6501,2104597.757, H,15.625,59.375,9.592592593,14.65831153,0,52,181957.4193,32.021739,13.333802,16.21458,0.253586
H-Bull Springs,-944414.8933,2173635.414, H,0,0,16.28125,8.558091342,2,33,218970.0004,20.925531,9.819955,7.903342,0.165973
H-Chain Lakes Rim,-977949.9669,2163575.589, H,15.625,15.625,28.7037037,14.58612305,2,65,101156.2137,20.586956,9.978605,8.468417,0.241721
H-Cherokee,-934788.0377,2147085.161, H,0,43.75,3.625,3.957434816,0,12,155453.4449,23.967033,12.520782,6.241424,0.224204
H-Cherokee Creek 1,-957570.3869,2083037.007, H,0,87.5,1.21875,4.910386457,0,27,196476.9835,30.64516,11.658305,14.387478,0.227163
H-Cherokee Creek 2,-959967.2222,2086981.93, H,0,53.125,38.59375,49.18291034,0,149,198608.0437,29.411111,9.63734,10.722289,0.155504
H-Cherokee Creek 3,-960961.0325,2082964.219, H,0,96.875,0.28125,1.590990258,0,9,205850.6282,29.451612,9.583192,10.160093,0.15286
H-Chicken Spring,-952311.3084,2183396.476, H,0,0,100.09375,46.2631738,21,190,396329.9386,21.860214,9.905825,8.150239,0.208865
H-Chokecherry,-923738.6265,2128020.271, H,25,81.25,4.083333333,8.919527511,0,31,155546.4702,28.408601,11.380847,7.076589,0.250497
H-Coal Bank Wash,-947902.9959,2060078.88, H,0,75,4.65625,9.727279151,0,36,190909.661,30.033332,11.133754,26.937028,0.152548
H-Coal Creek,-912115.4258,2168595.121, H,0,56.25,3.8125,5.953787084,0,22,136389.7643,23.449438,8.623884,6.015907,0.166039
H-Coal Springs,-902132.7646,2176412.402, H,15.625,28.125,15.07407407,9.189985879,0,34,147208.8095,24.817203,9.913554,9.341988,0.131003
H-Conners,-944653.6758,2192623.22, H,56.25,65.625,7.214285714,4.543441113,0,15,329492.4135,20.217391,7.235472,7.857924,0.08858
H-Courthouse Butte,-991171.0143,2092312.36, H,18.75,84.375,1.961538462,4.902903378,0,18,107107.1734,25.361701,7.686561,7.287594,0.145882
H-Cow Crk. Butte Rd.,-957175.0199,2094285.175, H,31.25,71.875,6.409090909,10.83055242,0,36,199318.1531,30.588888,11.592014,12.834739,0.210734
H-Cow Spring,-933766.332,2150814.649, H,0,28.125,7.75,8.743661299,0,33,139295.5654,24.043478,12.333971,6.403485,0.249971
H-Crooked Well,-967791.9851,2186790.721, H,12.5,68.75,4.321428571,7.930501696,0,30,231429.1817,20.372341,10.080658,8.129323,0.24127
H-Crossroads Ridge,-911547.1895,2170848.571, H,34.375,34.375,27.71428571,17.4503377,2,57,166608.6552,23.365591,8.692042,6.398213,0.160315
H-Dad Basin 1,-963113.8995,2097330.336, H,0,93.75,0.96875,3.830980461,0,17,232385.3751,26.736263,9.010543,7.377985,0.177197
H-Dad Basin 4,-959029.4167,2095214.596, H,18.75,100,0,0,0,0,218568.2187,29.5,10.980187,10.95767,0.213442
H-Dad Junipers,-971359.1109,2098441.047, H,75,87.5,1.625,3.067688753,0,9,223561.2788,25.244443,7.45619,7.738009,0.072691
H-Deep Creek,-957577.0936,2074413.93, H,3.125,78.125,7.677419355,16.06733145,0,63,176175.0936,31.068181,11.826745,13.285855,0.184879
H-Delaney Rim 2,-1011826.55,2120975.536, H,37.5,78.125,10.7,19.07905989,0,64,74500.83544,18.637363,9.454115,8.201356,0.225949
H-Delaney Rim 3,-1004537.992,2126087.166, H,43.75,71.875,12.44444444,18.02684998,0,55,61335.35157,20.462366,9.661429,9.452002,0.239096
H-Deweese,-898517.6623,2194047.271, H,0,21.875,16.75,12.69493168,0,44,94864.37529,18.25,8.699322,7.885908,0.081829
H-Discover,-976088.671,2186343.483, H,12.5,12.5,24.07142857,21.14487692,2,104,170510.6129,19.72043,9.47656,8.328868,0.193459
H-Doty Mountain,-962528.4599,2109014.333, H,0,96.875,1.84375,10.42982502,0,59,240112.2644,27.336956,10.904877,7.459535,0.229417
H-Dry Cow 2,-964501.0677,2106038.428, H,3.125,100,0,0,0,0,276181.585,26.860214,10.151246,7.043516,0.182724
H-Dry Cow 3,-963545.2799,2105171.62, H,3.125,84.375,0.806451613,2.441575377,0,10,269948.1736,27.068181,10.277163,7.235706,0.210745
H-Dry Cow 4,-966857.7817,2103077.433, H,53.125,65.625,14.46666667,13.627004,0,41,297065.5659,26.085105,8.973372,6.933561,0.1445
H-Dutch Joe 1,-955530.0811,2064244.396, H,0,81.25,2.8125,7.701853568,0,33,249142.2823,31.838708,11.06085,18.769712,0.178765
H-Dutch Joe 2,-955759.6329,2062848.272, H,12.5,90.625,1.214285714,5.314948471,0,28,227919.4662,31.681318,9.594154,20.281251,0.135835
H-Dutch Joe 3,-953985.7771,2067705.971, H,12.5,78.125,4.75,11.47501311,0,50,277629.9162,32.215053,14.381737,20.375308,0.302593
H-Eagles Nest,-991649.8835,2181634.728, H,12.5,18.75,11.89285714,12.69102712,0,57,91063.3406,18.548387,4.267704,9.326234,0.049637
H-Eagles Nest Draw,-972480.4612,2190462.312, H,12.5,59.375,13.92857143,21.49233898,0,64,204273.9737,20.130434,10.432269,8.270256,0.249783
H-Eagles Nest Fence,-985215.5642,2187458.963, H,34.375,34.375,46,39.07300859,4,146,140689.7855,18.744443,7.963571,8.881444,0.145677
H-Eagles Nest Reservoir,-980765.2944,2188830.747, H,6.25,65.625,13.56666667,28.5472184,0,118,171762.5928,19.043956,9.391577,8.284216,0.189958
H-East Alkali,-979866.7109,2210447.438, H,31.25,37.5,20.5,15.33980195,0,56,219857.8206,19.717391,10.387903,8.945164,0.224423
H-East Antelope,-971830.1597,2204046.619, H,0,3.125,45.59375,21.95869932,0,98,348507.376,19.505495,10.126585,8.376219,0.250408
H-East Dad Road,-968569.0098,2096515.509, H,0,93.75,1.40625,5.604487689,0,26,194843.1444,25.846153,7.973176,6.961558,0.113689
H-East Doty Mountain,-959022.5661,2109097.318, H,81.25,81.25,16.16666667,9.064583094,9,32,238130.095,28.369565,11.762728,9.126569,0.297032
H-East Dry Cow,-960743.6337,2102475.859, H,9.375,90.625,3.172413793,9.820055883,0,36,266692.5734,27.892473,10.571521,8.435019,0.262271
H-East Luman,-1009109.847,2176054.881, H,31.25,87.5,1.227272727,3.115733013,0,12,110506.2036,18.64516,6.805741,8.430005,0.125648
H-East Muddy Divide,-939849.4586,2108042.928, H,43.75,100,0,0,0,0,148821.2593,34.912086,14.277277,18.479816,0.284408
H-East Ninemile,-925341.968,2152639.374, H,9.375,9.375,30.72413793,13.37080121,13,59,140397.2993,22.326086,9.931058,5.923891,0.125489
H-Emigrant Creek,-938225.8793,2121240.049, H,0,84.375,0.5625,2.313181024,0,13,144004.2816,30.301074,10.860873,9.805921,0.179346
H-Eversole Basin,-960603.8518,2064306.765, H,0,87.5,3.375,11.79871507,0,62,214410.4173,31.456521,9.956548,16.980979,0.11884
H-Fenced Well,-975379.367,2150722.105, H,6.25,9.375,24,17.70252271,0,86,127466.0862,21.538461,10.284187,8.691901,0.249572
H-Ferris,-913043.6167,2187165.43, H,37.5,40.625,24.3,12.9740632,0,53,189351.9245,24.212766,10.155141,11.536553,0.207662
H-Fillmore Cabins,-954592.4236,2118575.782, H,0,78.125,1.71875,4.025999175,0,17,195033.91,28.881719,13.231746,11.026043,0.368021
H-Fillmore Hilltop,-955742.0836,2122546.047, H,0,68.75,1.1875,2.415507694,0,10,183422.4081,27.215053,13.086471,8.059318,0.413224
H-Fillmore Ranch,-957509.4059,2119733.803, H,0,46.875,21.09375,29.8440672,0,99,191419.6853,27.555555,13.042609,9.045828,0.417713
H-Fillmore Turnoff,-952442.4396,2119430.603, H,18.75,93.75,0.153846154,0.543492976,0,2,186056.0643,29.68085,13.182564,11.465597,0.336621
H-Fivemile Junction,-984977.4653,2150475.02, H,71.875,84.375,3.555555556,4.034572812,0,9,179408.2827,21.533332,9.569845,8.029348,0.23073
H-Flattop,-898485.2762,2199544.17, H,0,28.125,10,10.67405658,0,45,116360.352,18.554347,7.478396,8.276631,0.042774
H-Fort LaClede,-1020846.197,2115786.453, H,59.375,71.875,36.76923077,31.15058546,0,82,42204.91769,17.021739,7.923126,7.368453,0.158057
H-Garden Gulch 1,-956820.8649,2097541.584, H,0,96.875,1.28125,7.247844507,0,41,206436.7268,30.505617,12.096191,13.252025,0.253177
H-Garden Gulch 2,-957690.7162,2096832.184, H,0,53.125,11.96875,15.15827119,0,48,206737.2461,30.188888,11.743595,12.236047,0.242719
H-Garden Gulch 3,-951000.1184,2095883.057, H,0,93.75,0.90625,3.829927777,0,20,196888.6213,32.308509,14.988965,19.308763,0.338539
H-Girrard,-988083.6459,2213074.663, H,0,25,29.5,26.34510422,0,99,110677.1026,19.120878,10.125181,8.025453,0.24198
H-Green Ridge,-964416.3008,2186644.711, H,3.125,3.125,36.87096774,20.02455482,10,87,230102.0957,21.204301,10.144454,8.26517,0.245851
H-Hadsell Crossing,-988587.4171,2193078.263, H,0,0,29.5625,14.65723976,4,76,120108.2239,18.588888,7.140911,9.0082,0.09897
H-Hadsell Road,-990356.769,2190970.371, H,0,71.875,6.5625,16.4217352,0,73,101625.6908,18.215053,6.505094,9.01501,0.085627
H-Hangout Ridge,-985199.4833,2076627.157, H,25,78.125,2.625,5.708974628,0,18,144984.9336,27.7,8.473976,6.855546,0.180826
H-Harrier,-969453.8181,2196028.564, H,25,25,35.16666667,26.30864739,3,80,340357.5267,20.899999,11.865749,8.6264,0.349179
H-Hay Gulch,-956464.9387,2099229.209, H,0,93.75,1.3125,7.244296978,0,41,217802.804,30.563829,12.266156,13.536044,0.273023
H-Hillside,-908340.6463,2123158.417, H,0,68.75,4.4375,7.491662032,0,22,117363.5292,23.23913,9.94988,6.821304,0.10806
H-Hogback,-943353.5771,2131444.322, H,0,100,0,0,0,0,163850.8008,27.031578,12.220993,7.556402,0.334361
H-Horseshoe Bend,-1008069.264,2164581.647, H,21.875,28.125,9.8,7.921489759,0,33,55473.08138,19.087911,4.296797,7.357537,0.054029
H-Hugus Draw,-916132.7297,2129200.604, H,25,46.875,11.29166667,14.44473476,0,56,124769.2592,25.032608,10.113136,7.005143,0.131004
H-ID Airstrip,-898060.7876,2172800.393, H,15.625,56.25,5.333333333,7.985563898,0,25,143276.7672,22.277778,7.892551,7.578136,0.07847
H-Iron Springs Draw,-912646.9565,2126167.03, H,0,43.75,9.6875,11.92297186,0,34,104440.3725,24.333333,10.364326,6.952906,0.118027
H-Junction,-910044.7624,2123730.819, H,12.5,31.25,11,10.96796683,0,42,104888.3317,23.73913,10.392721,6.742785,0.118164
H-Lake Bed,-961831.1309,2132896.657, H,0,31.25,13.5625,13.70174818,0,45,168748.4522,23.537633,11.436786,6.020544,0.313533
H-Larsen North Well,-956526.0052,2174460.46, H,0,0,16.28125,10.55319666,4,42,207960.5762,20.206521,7.559023,7.888028,0.125127
H-Little Beaver,-942271.2153,2104511.543, H,43.75,68.75,8.666666667,10.31275624,0,31,176660.5642,34.211112,14.231116,17.322769,0.286882
H-Little Sage Creek,-935559.529,2122552.817, H,15.625,50,10.14814815,11.57152906,0,38,129712.9959,28.415729,9.717607,7.883591,0.168444
H-Little Sage Reservoir,-932940.5667,2122989.599, H,0,62.5,5,8.273548991,0,32,124477.4195,26.955055,9.447095,6.511049,0.178958
H-Little Sand Spring,-926053.4809,2184761.902, H,0,37.5,13.4375,16.08031756,0,71,253664.9509,21.935483,8.575626,5.202783,0.166132
H-Littlefield,-939857.0053,2105817.322, H,43.75,100,0,0,0,0,155593.1768,34.911109,13.568682,18.959095,0.234412
H-Littlefield Canyon,-942499.4986,2108489.268, H,46.875,96.875,0.058823529,0.242535625,0,1,143334.1992,34.107528,13.864994,15.98463,0.250633
H-Lost Alkali,-978447.5111,2209275.955, H,40.625,96.875,0.157894737,0.688247202,0,3,264619.9596,19.655914,10.014389,8.89113,0.207856
H-Lost Arapahoe,-978192.6207,2205554.57, H,15.625,21.875,26.11111111,19.56317839,0,93,254014.7164,19.131868,8.323259,9.163106,0.148284
H-Lost Creek,-980483.8131,2207305.872, H,0,62.5,11.21875,19.39194108,0,82,199293.5229,19.152173,8.42005,9.053431,0.15875
H-Lost Creek Basin,-984392.8869,2208250.508, H,34.375,46.875,30.61904762,30.06073218,0,110,89880.07418,19.022222,7.986216,9.30672,0.155062
H-Low Ridge,-948683.0903,2125560.369, H,12.5,90.625,0.821428571,3.453967889,0,18,154350.9014,28.891304,12.700458,8.619461,0.302517
H-Mahoney Dome,-927979.9608,2188517.751, H,50,50,46.5625,15.77326324,18,77,252135.3085,22.817203,9.775847,6.435793,0.207549
H-McKinney Creek,-949714.0277,2108626.701, H,0,96.875,0.09375,0.530330086,0,3,153092.4477,31.591398,13.151691,14.761944,0.25377
H-Midnight Valley,-943332.8585,2127992.624, H,0,50,9.53125,13.83540194,0,51,166661.8974,29.791208,12.315411,8.023262,0.292757
H-Miller Hill,-942520.1746,2109371.54, H,0,62.5,6.90625,11.32043364,0,35,145797.2,34.152172,14.398425,15.873353,0.265937
H-Minex West,-978662.3787,2180917.307, H,0,3.125,17.15625,14.83698381,0,60,206674.8146,19.129032,6.797125,9.004499,0.112656
H-Mud Lake,-953321.79,2167029.15, H,0,78.125,1.5,3.951316645,0,17,99513.39775,20,6.566808,8.382282,0.092904
H-Mud Lake North,-951350.2463,2167617.2, H,0,12.5,16.0625,14.22387248,0,46,114956.9206,20.153846,6.978081,8.31056,0.112132
H-Mud Springs,-958887.3308,2159347.728, H,40.625,53.125,15.63157895,10.6677631,0,40,74411.48248,20.233333,7.694304,7.818584,0.085158
H-Mulligan Draw,-994256.1299,2104479.088, H,31.25,62.5,12.95454545,13.68167796,0,42,95316.52948,21.266666,7.527513,9.021694,0.115637
H-Mysterious,-981538.6045,2069510.497, H,21.875,59.375,4.68,6.829592472,0,24,186743.1272,25.64516,9.593623,6.267134,0.192099
H-Ne Muddy Mtn.,-956714.1677,2071429.379, H,0,71.875,22.03125,44.72315152,0,161,193269.8146,31.844444,13.133221,15.971177,0.244399
H-Nicholson 1,-951217.7225,2063522.998, H,18.75,93.75,0.615384615,2.173971906,0,8,280776.481,31.277778,11.662017,20.787414,0.181328
H-North Fillmore,-955736.0774,2123557.179, H,18.75,78.125,1.461538462,2.77461016,0,9,187652.2584,26.769229,13.099102,7.518957,0.412103
H-North Girrard,-989149.4116,2216134.193, H,28.125,78.125,4.043478261,8.070587795,0,29,130151.2888,19.344444,11.252213,7.743454,0.272701
H-North Lamont,-938254.817,2195191.475, H,0,9.375,12.25,8.994622049,0,41,266270.1965,19.263736,8.772834,7.033236,0.067793
H-North Rawlins,-919514.7313,2148704.106, H,3.125,40.625,5.64516129,5.382368668,0,19,110609.37,20.329545,8.322531,5.580832,0.134664
H-NW Haystack,-916664.0146,2169863.546, H,0,6.25,59.21875,35.63410325,0,125,124307.0419,21.641304,7.353635,4.996561,0.131802
H-Ohio,-925436.2594,2185837.596, H,43.75,43.75,56.72222222,26.07862671,25,131,255109.3246,22.622222,9.153897,5.71685,0.196994
H-Olson Divide,-958405.7628,2117448.611, H,18.75,90.625,0.346153846,1.129329277,0,5,204170.1405,27.914894,13.072374,9.288762,0.400576
H-Olson Draw,-961509.4265,2112978.118, H,3.125,100,0,0,0,0,222662.4799,27.372341,12.131814,7.666651,0.3149
H-Osborne Draw,-976281.507,2193779.596, H,0,59.375,12.21875,22.41073242,0,93,239749.8298,19.840425,10.454363,8.105666,0.244262
H-Pipeline,-964804.2497,2095239.014, H,0,53.125,8.90625,14.48104295,0,63,193208.9127,26.233333,8.066811,6.848739,0.144337
H-Point East,-905862.4511,2210200.965, H,6.25,87.5,1.033333333,3.189241974,0,14,119712.9817,19.369565,10.91697,8.510577,0.162459
H-Pool Table,-906878.5443,2163561.114, H,0,46.875,12.21875,17.15721305,0,65,107510.1611,22.408601,7.641532,6.224095,0.116265
H-Prospects,-966728.0034,2190767.182, H,3.125,6.25,38.32258065,19.9204871,0,82,255981.0221,20.847826,10.921281,8.357246,0.289404
H-Ram Canyon,-942761.6852,2128638.196, H,18.75,43.75,25.69230769,30.67607437,0,97,173315.911,29.391304,12.262582,7.965871,0.295072
H-Rankin,-899273.8321,2173195.566, H,15.625,78.125,3.407407407,8.683579815,0,41,145645.794,22.608695,8.105414,7.626054,0.084268
H-Rasmussen,-999238.2211,2153368.815, H,0,12.5,14.375,8.52226685,0,28,112066.5072,20.597826,8.569097,7.848082,0.174679
H-Rawlins,-919338.1527,2145764.389, H,0,75,3.5,7.906714174,0,28,160067.4721,20.456521,8.038542,5.979529,0.10229
H-Red Creek,-1021810.219,2205845.692, H,0,3.125,31.25,22.72841053,0,94,57150.33766,20.413043,7.829302,9.812313,0.137705
H-Red Creek Well,-1001040.494,2187113.53, H,0,6.25,35.71875,22.56493765,0,85,97421.97309,18,5.802728,9.534242,0.067639
H-Red Ridge,-932481.9407,2193267.609, H,0,78.125,0.78125,1.963117583,0,8,199904.3946,21.076086,9.988789,6.461769,0.143836
H-Red Rim,-944866.9329,2133525.678, H,53.125,68.75,10.93333333,11.4046774,0,37,155698.2642,25.47826,11.740236,7.209633,0.332119
H-Red Rim Basin,-942802.4671,2135237.874, H,0,81.25,4.28125,9.798730579,0,34,154699.8354,24.569892,11.415511,7.040434,0.327785
H-Riddle Creek,-914279.8358,2179857.54, H,3.125,71.875,4.387096774,9.120224483,0,35,162522.9807,23.791208,10.504421,8.159401,0.181058
H-Riddle Cut,-913169.0441,2180402.443, H,0,28.125,26.4375,28.15732014,0,99,167222.1616,24.193548,10.97012,9.496369,0.201597
H-Rinshaw Cabin,-922086.9298,2183447.141, H,0,0,68.5625,39.6378261,6,144,254341.6321,22.19149,9.487793,5.799221,0.207706
H-Ruby Knolls North,-971349.0275,2158120.207, H,0,78.125,3.6875,11.20033842,0,53,72332.95957,20.904254,8.835578,8.758329,0.167107
H-Ruby Knolls South,-967241.0983,2152011.449, H,0,0,32.8125,14.93952864,14,68,90190.55813,22.279569,10.703184,7.730953,0.210649
H-Ruby Knolls West,-974701.5607,2153532.092, H,40.625,40.625,14.05263158,10.41619297,1,34,110428.0072,21.296703,9.822106,8.96624,0.216189
H-Rush Creek,-914927.8791,2207112.57, H,0,3.125,40.75,33.13900343,0,142,170535.3139,19.021505,10.07368,7.733692,0.129591
H-Rye Gulch,-943965.6948,2055868.171, H,0,96.875,0.375,2.121320344,0,12,88764.97007,29.573034,8.926146,42.400646,0.035695
H-Sage Creek Basin,-936168.517,2100700.826, H,53.125,56.25,48.66666667,25.5613175,0,87,190794.9618,34.703296,18.10308,21.350198,0.482146
H-Sage Creek Ranch,-928236.3093,2106517.217, H,6.25,62.5,8.766666667,14.30380546,0,47,117475.4087,28.010869,9.752052,9.738906,0.114
H-Saltiel,-905112.7098,2176545.668, H,12.5,15.625,17.60714286,12.25754276,0,44,171585.8787,25.47826,10.007536,9.449473,0.143129
H-Sand Dunes 1,-959819.4291,2104920.708, H,0,93.75,0.5,2.214322878,0,12,272700.9348,28.369565,11.006842,9.054175,0.276634
H-Sand Gully,-971812.7742,2191856.956, H,56.25,56.25,41.21428571,39.46990786,1,126,219684.1138,20.293478,10.880062,8.346218,0.278069
H-Sandhills Rd.,-962659.2987,2099008.877, H,21.875,96.875,0.32,1.6,0,8,248529.2008,26.925531,9.364123,7.516798,0.200337
H-Sandhole,-933557.0648,2192092.412, H,0,6.25,12.53125,7.370316993,0,35,212304.1366,20.355556,9.48322,5.981733,0.143604
H-Saxon,-1020012.636,2151413.5, H,40.625,50,12.78947368,11.20802762,0,36,85121.08776,17.44086,6.615541,6.259488,0.109267
H-Scotty Lake,-1016602.378,2202958.484, H,3.125,12.5,21.03225806,20.37234052,0,94,61621.53387,19.978021,9.958491,9.322517,0.19752
H-Scottys Peak,-941241.7242,2130400.448, H,56.25,78.125,9.428571429,13.23581555,0,40,171728.8304,28.18085,11.951843,7.646355,0.299621
H-Separation Hilltop,-947775.4615,2129179.737, H,18.75,50,14.61538462,17.94452991,0,57,162824.9045,27.340425,12.535136,7.683368,0.329424
H-Shallow Creek,-997513.4532,2100589.45, H,15.625,43.75,8,8.067026904,0,27,75527.7638,21.402173,7.384052,7.882096,0.138156
H-Sheep Mountain,-926880.7279,2126387.491, H,18.75,53.125,5.307692308,5.732498448,0,18,157930.0896,27.788888,11.061343,6.52467,0.214712
H-Sixteenmile,-946540.4129,2128246.862, H,0,96.875,0.03125,0.176776695,0,1,166228.3402,28.451612,12.535537,7.983056,0.321096
H-SK Well,-987721.8191,2179320.921, H,0,78.125,2.28125,5.669581398,0,22,91626.09392,18.956989,4.356766,10.564041,0.054969
H-Smiley Springs,-998865.9167,2202138.927, H,37.5,37.5,44.95,25.06092576,1,100,117966.9026,19.677419,9.591114,9.564687,0.155254
H-Smith Draw,-911699.5503,2133121.812, H,0,96.875,0.09375,0.530330086,0,3,91797.39857,20.434782,7.587185,7.241164,0.045216
H-Soap Holes,-987929.3961,2068163.514, H,0,43.75,6.5625,8.875255562,0,42,137224.5167,24.659574,8.572679,7.316553,0.154289
H-Sooner,-967839.5818,2178900.299, H,0,0,26.65625,18.83306868,3,63,190654.9168,19.880434,8.217104,8.012273,0.15547
H-Sooner Oil,-967298.9672,2179801.247, H,0,71.875,2.4375,5.752629132,0,25,204190.7595,19.977777,8.582228,7.892364,0.170793
H-Sourdough Mine,-982207.1462,2160121.483, H,0,12.5,10.78125,9.213364679,0,41,150636.4949,20.977777,9.958482,8.812608,0.239068
H-South Hangout,-985288.7026,2069814.011, H,18.75,90.625,3.153846154,9.552768427,0,38,157203.2091,25.32258,9.075015,6.62311,0.187526
H-South Hatchet,-924811.9744,2180300.218, H,56.25,56.25,21.5,12.44526478,5,49,214118.0706,20.922222,7.322551,5.252166,0.116228
H-Southland Well,-961103.9341,2182986.484, H,28.125,28.125,37.2173913,23.8021323,3,81,242266.591,21.5,9.309228,8.34132,0.200064
H-Stewart Creek,-951956.926,2176853.373, H,0,0,48.1875,22.58237609,16,119,327629.2338,20.877777,9.394733,7.682101,0.19651
H-Stinking Springs,-991937.2829,2212225.4, H,34.375,53.125,25.0952381,26.33420734,0,92,109414.5578,19.163043,9.89223,8.07766,0.230955
H-Stratton,-959135.0552,2168228.115, H,0,6.25,33.25,22.9445334,0,89,73465.24152,20,6.178197,8.309474,0.073329
H-Stratton Lake,-997499.7992,2196674.204, H,0,59.375,5.21875,9.536802653,0,36,96461.13968,18.648935,6.714503,9.154859,0.094146
H-Strom Reservoir,-976774.1677,2070348.488, H,0,93.75,0.625,2.459346884,0,10,149534.6123,26.268817,9.424544,6.043892,0.186118
H-Sulphur Springs,-955052.2285,2112274.154, H,0,100,0,0,0,0,198205.5138,29.879121,12.774461,11.848454,0.293409
H-SW Riner,-957422.2354,2132907.401, H,40.625,50,8.315789474,8.199272539,0,32,147937.2428,23.595504,11.719086,5.947915,0.329829
H-Table Lake,-919932.7681,2177202.528, H,37.5,87.5,1.35,3.587624929,0,15,179531.6289,21.709676,8.70658,5.48671,0.136803
H-Taper,-909370.685,2170647.999, H,0,46.875,11.25,16.03624926,0,61,164923.1397,23.380434,8.308009,6.88786,0.137732
H-Texas Oil,-985888.3108,2185916.552, H,6.25,75,4.633333333,11.00308212,0,51,139844.6579,18.644443,7.345469,9.209504,0.127592
H-Tin Can,-920533.4661,2172110.698, H,21.875,21.875,26.88,17.80290239,6,70,133878.7907,20.731182,6.291659,4.825863,0.091413
H-Twentymile Road,-948413.566,2124544.15, H,0,68.75,3.84375,6.227459354,0,18,154086.9966,29.602149,12.601353,8.884664,0.289954
H-Upper Cottonwood,-954095.5335,2071097.123, H,0,100,0,0,0,0,217408.9538,32.395603,14.169688,19.047225,0.304195
H-Upper Hugus,-921558.767,2126807.461, H,0,81.25,0.8125,1.925005237,0,8,152017.9311,27.193548,10.865895,6.741725,0.24439
H-Upper Iron Springs,-916435.4871,2122530.115, H,0,40.625,14.34375,13.51130799,0,37,128931.0673,26.087911,10.349164,6.228624,0.161945
H-Upper Osborne,-961019.8361,2194724.416, H,25,25,32.95833333,16.89990781,10,72,364072.0354,22.602149,10.753185,7.873486,0.286926
H-Upper Red Creek,-973839.528,2072457.556, H,25,62.5,10.33333333,13.39586785,0,40,168833.9299,26.692308,9.483974,6.007329,0.187742
H-Upper Wild Cow Creek,-961230.4235,2090296.098, H,56.25,65.625,30.28571429,26.02788023,0,75,194425.9475,28.532608,9.050398,9.105933,0.142026
H-West Fillmore Ranch,-958446.4766,2121762.225, H,0,31.25,17.1875,15.98272757,0,47,181536.2012,26.709676,12.879688,7.823537,0.424364
H-West J.O.,-961183.2267,2099885.266, H,0,84.375,2.96875,7.403069873,0,30,247877.4659,27.709676,10.152893,8.292965,0.238956
H-West Junction,-911141.4012,2124125.61, H,0,90.625,2.0625,7.628205302,0,32,105368.9444,24.260869,10.563748,6.702889,0.12388
H-West Towers,-978312.5468,2147025.718, H,37.5,37.5,10.85,6.899847443,1,24,151513.3283,21.817203,10.700844,8.076721,0.279423
H-Wild Cow,-966316.9349,2087504.637, H,0,96.875,0.46875,2.651650429,0,15,155539.5198,26.488889,7.866801,7.427791,0.10088
H-Wild Horse Basin 2,-960674.2712,2079800.265, H,3.125,68.75,19.67741935,38.17013413,0,130,218686.2913,30.032258,10.343247,10.708623,0.153223
H-Wild Horse Basin 3,-959708.2406,2075865.176, H,0,87.5,1.21875,4.345812779,0,20,195057.371,30.553192,10.89785,11.104826,0.140074
H-Wild Horse Canyon,-922498.6875,2125275.237, H,21.875,40.625,11.28,12.98563309,0,47,139059.6727,26.526882,10.499783,6.564286,0.233495
H-Wild Horse Mtn.,-961645.1403,2079889.544, H,0,90.625,0.59375,2.434422168,0,13,223440.7871,29.840425,9.915796,9.923614,0.133915
H-Willow Cr. Rim 1,-1005515.111,2096664.74, H,31.25,50,16.90909091,15.63545754,0,57,52391.37702,20.085105,3.919285,4.834239,0.046265
H-Willow Spring,-933558.1445,2151543.991, H,34.375,68.75,3.523809524,4.600207035,0,13,134733.2889,23.934066,12.067876,6.456172,0.237522
H-Willows 2,-960088.4783,2102557.367, H,21.875,53.125,30.52,29.86514133,0,98,263890.6285,28.258064,10.854534,8.946427,0.271388
H-Willows 3,-959150.8325,2104373.618, H,65.625,75,15.90909091,16.21391097,0,49,267445.8569,28.698925,11.160326,9.697319,0.283436
H-Windy Hill,-958808.869,2149086.154, H,0,3.125,41.34375,22.06531269,0,90,113156.3272,21.869565,10.023705,6.879518,0.189455