ID,type,case,year,datum,utm_zone,x,y,w_up,SageHgtSD,Bare,Herb,Sage,Shrub,Rough200m,FenceDist,PowerDist
16052701,1,TRUE,2016,NAD83,13,389206,4921328,1,11.11539268,42.14497375,25.5563755,12.84132195,14.46656227,274.8854675,310.966272,5828.627467
16071301,1,TRUE,2016,NAD83,13,395029,4905198,1,5.023782253,31.89831543,29.77088356,13.19683647,16.12660599,144.2046661,215.8058275,915.2350235
16060601,1,TRUE,2016,NAD83,13,396140,4914386,1,11.72273827,43.87465286,25.83304787,11.63640118,13.57736206,512.3133545,389.77637,6530.023582
16060801,1,TRUE,2016,NAD83,13,395977,4914608,1,14.00059414,49.54282761,23.50012779,10.05626678,12.26889896,455.6497803,172.4876598,6304.620335
1,0,FALSE,2016,NAD83,13,397594.5341,4916948.053,1000,10.71201324,42.94103241,23.78017807,13.34404659,17.3244133,226.15802,427.216224,12525.30122
2,0,FALSE,2016,NAD83,13,400623.1588,4908677.004,1000,10.16607189,28.10063934,27.39471626,16.71756172,20.31438065,111.0993423,504.6056007,4327.476908
3,0,FALSE,2016,NAD83,13,397591.1919,4912073.933,1000,9.789282799,22.37431145,36.78723526,12.57044411,15.06865215,157.5011444,869.090868,6320.176871
4,0,FALSE,2016,NAD83,13,390559.5569,4917120.684,1000,10.3118,22.30496216,43.90182877,12.62601852,14.41786861,22.90670204,274.2003514,74.05306421
5,0,FALSE,2016,NAD83,13,398500.5594,4906796.188,1000,8.473249435,44.83034134,24.33636665,11.8109169,13.33823204,198.5011444,1597.300817,587.4559202
6,0,FALSE,2016,NAD83,13,387650.6361,4914422.381,1000,8.886770248,40.46405411,27.76180458,10.8396101,12.35480881,44.05799103,798.6602543,40.05338108
7,0,FALSE,2016,NAD83,13,396569.2864,4916660.784,1000,11.40109062,42.80081177,23.30098724,13.95399284,16.80647469,577.2808228,964.9410545,11252.38791
8,0,FALSE,2016,NAD83,13,387872.5042,4908485.961,1000,10.91377258,22.45761108,38.75329208,13.29053307,15.29063988,2.817156315,306.6898015,3277.79817
9,0,FALSE,2016,NAD83,13,394817.9157,4919869.147,1000,10.56407356,37.1848793,27.03832054,13.99449444,15.99349213,92.13258362,89.30885054,53.80191882
10,0,FALSE,2016,NAD83,13,382565.7677,4910779.303,1000,14.29002285,41.65767288,28.00801468,8.737716675,10.97190094,408.2162781,122.6205494,4892.896856
11,0,FALSE,2016,NAD83,13,393127.7486,4913179.051,1000,12.92590427,48.27531433,24.91137695,10.22008133,12.16865444,393.6932678,2012.204097,4211.691035
12,0,FALSE,2016,NAD83,13,384944.4107,4909469.995,1000,6.529155731,26.79208183,29.40681267,16.04798698,19.98952675,179.7993011,97.82789429,6598.375264
13,0,FALSE,2016,NAD83,13,396248.0331,4915115.425,1000,11.3465538,47.13420105,23.91616631,11.88703823,14.11553001,232.5858002,274.9616188,7866.26959
14,0,FALSE,2016,NAD83,13,397845.3817,4904063.728,1000,13.8884325,46.93551636,24.60767746,9.090445518,13.54555893,347.4764709,942.917818,3058.472864
15,0,FALSE,2016,NAD83,13,395816.9216,4901182.632,1000,6.802941322,36.03969574,29.29538536,11.60671902,13.28456211,56.35326004,23.73977641,8255.622165
16,0,FALSE,2016,NAD83,13,381862.6806,4914597.744,1000,13.26653385,35.69454575,29.08924294,13.23053646,16.24313736,94.40935516,155.134458,41.8264385
17,0,FALSE,2016,NAD83,13,382444.7947,4921577.734,1000,15.671628,46.01464844,33.40730667,5.292890549,6.286672115,155.1356201,832.0690665,12709.40503
18,0,FALSE,2016,NAD83,13,392795.7095,4905133.662,1000,10.97259808,43.08768082,27.14783669,11.08072186,12.74125385,48.15543365,340.4783418,160.5424205
19,0,FALSE,2016,NAD83,13,391323.7251,4916434.145,1000,7.864309788,33.41662216,34.00021744,10.05811977,11.69954681,41.77844238,184.4764622,1917.417203
20,0,FALSE,2016,NAD83,13,397735.1205,4920225.803,1000,12.26420593,37.88022614,28.17836189,13.13266659,15.89233494,270.607666,161.9604857,3589.69364
21,0,FALSE,2016,NAD83,13,389008.1721,4902665.421,1000,11.53129578,42.52060699,27.13636208,10.29523182,11.79353428,32.34318161,836.1332827,6640.600854
22,0,FALSE,2016,NAD83,13,390377.5897,4917650.996,1000,14.46033287,51.89423752,23.27656746,8.84538269,10.59299374,135.7935791,605.0167556,1328.591515
23,0,FALSE,2016,NAD83,13,392089.7592,4923584.25,1000,15.56928539,49.43218994,25.85637093,8.053424835,10.41913795,460.9796143,148.9981845,6483.668059
24,0,FALSE,2016,NAD83,13,390049.6369,4927805.062,1000,7.934232712,31.36639404,26.99946213,17.11701775,20.25524902,58.19028854,608.0117055,3616.834296
25,0,FALSE,2016,NAD83,13,385211.6987,4924140.919,1000,12.22389698,42.65874863,26.47565651,9.29591465,10.99503231,365.4269714,76.63189933,18187.82654
26,0,FALSE,2016,NAD83,13,396909.5078,4902065.905,1000,15.39616776,50.39525604,22.73532677,10.55158997,12.99703598,154.4107513,513.3691166,4307.625122
27,0,FALSE,2016,NAD83,13,392202.834,4902748.089,1000,16.96372032,47.76430511,25.34653473,9.617568016,11.81208706,185.1941681,1427.316145,2822.449115
28,0,FALSE,2016,NAD83,13,387258.9142,4908216.99,1000,6.330354214,39.49129868,30.99679756,8.794534683,10.21938896,30.89173508,355.5848237,1245.802758
29,0,FALSE,2016,NAD83,13,385514.0116,4909678.686,1000,8.146836281,40.00577545,27.2804966,11.79820824,13.16966343,128.5418243,477.8988842,5087.761739
30,0,FALSE,2016,NAD83,13,380605.6396,4919386.402,1000,8.139400482,26.40530014,32.9968338,12.84790993,14.8265686,107.1118469,608.4965706,7737.194659
31,0,FALSE,2016,NAD83,13,387191.8466,4911474.751,1000,13.31340599,40.20281219,29.55366325,9.345713615,10.6744957,54.78039169,543.80869,2134.794519
32,0,FALSE,2016,NAD83,13,399507.5747,4905300.092,1000,11.29288006,45.38937759,30.08150673,8.1346035,11.29387474,157.8979034,1633.675891,511.8533171
33,0,FALSE,2016,NAD83,13,384361.4121,4921189.553,1000,24.70582771,45.6917038,28.1634922,9.788777351,9.800596237,189.1623077,231.1083615,9525.130784
34,0,FALSE,2016,NAD83,13,389401.7945,4922990.747,1000,8.239761353,38.02480316,30.55583191,10.12787247,11.33736324,160.4372559,726.9121226,10216.93163
35,0,FALSE,2016,NAD83,13,398185.771,4910009.921,1000,10.89877033,32.50656891,28.43240166,14.58729553,18.03851509,196.6491241,246.320594,2274.31283
36,0,FALSE,2016,NAD83,13,390688.8444,4925897.926,1000,8.167919159,34.76246643,29.32410049,13.11128521,15.76088905,185.0921936,603.5529728,8726.574321
37,0,FALSE,2016,NAD83,13,390210.5729,4915641.566,1000,7.430691719,41.88346863,30.02444267,9.233564377,10.67708111,20.0338192,333.9364596,2636.205566
38,0,FALSE,2016,NAD83,13,388366.1633,4926617.784,1000,10.39015388,35.27403259,28.42022705,14.24492836,16.96885109,141.1775513,10.71456177,9738.18918
39,0,FALSE,2016,NAD83,13,393511.4866,4924465.16,1000,8.118973732,43.74884796,26.84000778,10.50639725,11.83567619,204.326828,788.8916385,5451.750972
40,0,FALSE,2016,NAD83,13,396745.0207,4913029.586,1000,9.423733711,36.74426651,27.01053619,13.48386002,16.35082436,157.9305573,235.5235378,7921.499178
41,0,FALSE,2016,NAD83,13,400098.4109,4907046.95,1000,7.409245968,35.93906403,29.31564331,12.28529453,14.0722599,87.49658966,595.7474278,464.1240353
42,0,FALSE,2016,NAD83,13,382296.886,4917494.769,1000,13.6019001,42.01656723,28.40689659,10.08050346,12.29374123,328.7991638,51.10836152,139.6987073
43,0,FALSE,2016,NAD83,13,388090.6289,4905673.067,1000,6.62573719,21.66026878,38.49036789,13.52061939,15.55548477,7.583015919,273.1733666,1814.908542
44,0,FALSE,2016,NAD83,13,385734.559,4921999.596,1000,6.981860638,28.08113289,32.46952057,13.21081257,14.96746445,22.56934929,201.8826415,10897.18277
45,0,FALSE,2016,NAD83,13,381112.2944,4912733.827,1000,13.45139694,39.81703186,28.34156609,10.72020912,12.71833992,167.1231384,1067.451883,2630.229714
46,0,FALSE,2016,NAD83,13,385795.3172,4909029.687,1000,10.92334652,40.82561111,26.70342827,11.99504948,15.20362759,139.549118,214.4764622,3537.22784
47,0,FALSE,2016,NAD83,13,398066.1579,4914010.477,1000,12.84478378,40.31779099,28.97417259,10.35022449,13.29259109,335.6217651,397.8710988,11904.66692
48,0,FALSE,2016,NAD83,13,394991.8323,4907408.071,1000,7.006044865,36.13050842,28.31827927,12.9778986,15.43747044,111.8426437,542.242061,2184.069012
49,0,FALSE,2016,NAD83,13,398837.8287,4914944.843,1000,8.863516808,35.61024857,27.83798409,13.6358633,17.78391075,275.5088501,788.9767494,9760.443639
50,0,FALSE,2016,NAD83,13,396741.4251,4910750.069,1000,9.878436089,39.81604767,26.37522697,13.41343975,15.60646629,466.3696899,143.879206,1452.175045
51,0,FALSE,2016,NAD83,13,399051.2612,4917308.11,1000,10.07087803,28.67973137,31.73035812,14.59395599,17.96531487,277.9946594,34.47646218,10175.34603
52,0,FALSE,2016,NAD83,13,395662.062,4917114.625,1000,15.42606163,45.96033478,24.58487511,11.38504791,14.20152378,298.930481,266.0251225,8711.326513
53,0,FALSE,2016,NAD83,13,381242.6206,4912180.613,1000,13.19688511,38.2637291,29.36936569,10.0428381,12.28011417,205.3297882,1044.670221,3085.842575
54,0,FALSE,2016,NAD83,13,401022.8891,4908720.832,1000,10.20233345,31.79860878,27.18721199,17.07718086,19.84974861,153.1776428,128.8916385,5629.546443
55,0,FALSE,2016,NAD83,13,389227.8193,4921260.838,1000,12.21182919,43.89951706,25.59564781,12.41570663,14.03179264,260.8392334,274.6598564,5605.691236
56,0,FALSE,2016,NAD83,13,396379.7508,4922228.588,1000,9.369645119,35.88235855,31.90232849,12.38454056,13.79746342,46.772686,25.52353782,347.1515909
57,0,FALSE,2016,NAD83,13,386775.7879,4915403.95,1000,16.47436333,58.91801453,20.94452286,6.745704651,8.294879913,200.8000336,152.0722701,2982.989249
58,0,FALSE,2016,NAD83,13,389990.6911,4900505.004,1000,12.81701756,42.62250137,28.31994629,10.32258511,13.31868553,124.5739288,825.8379691,6445.443477
59,0,FALSE,2016,NAD83,13,390388.16,4905251.059,1000,11.60013008,50.09740448,25.45612144,9.312541008,10.97092247,99.01828766,975.9668736,1395.957558
60,0,FALSE,2016,NAD83,13,389972.8456,4908481.197,1000,15.21200943,49.39951706,22.71481514,10.31890583,12.95560074,152.0523682,950.0098659,8983.957093
61,0,FALSE,2016,NAD83,13,392054.7141,4912407.141,1000,9.391555786,41.60505676,26.58130836,11.84168243,13.59362602,110.136795,697.1202848,8574.239787
62,0,FALSE,2016,NAD83,13,391071.0964,4902231.363,1000,14.12822628,49.14831543,23.96281052,10.05126286,11.88645458,277.2658081,651.1083615,1230.410731
63,0,FALSE,2016,NAD83,13,382196.8171,4919764.359,1000,9.411750793,33.93843842,29.63824844,12.48903847,15.31458855,177.7647247,661.5542446,7335.418595
64,0,FALSE,2016,NAD83,13,387714.5208,4915443.581,1000,16.82774925,59.35588455,20.0489254,7.041954517,8.067667007,272.6246948,357.6974832,2432.615576
65,0,FALSE,2016,NAD83,13,393571.7283,4916893.665,1000,11.46193218,50.998806,22.25264931,11.33424377,12.55545425,141.369751,365.235908,4015.73577
66,0,FALSE,2016,NAD83,13,393255.4396,4902072.216,1000,7.398535728,47.12275314,24.47254753,11.21150875,12.53084087,136.7133789,338.8916385,4777.299749
67,0,FALSE,2016,NAD83,13,390793.5151,4920140.855,1000,7.394822121,38.63996887,31.23979187,10.22574902,11.61523628,120.898201,893.0366116,74.44447802
68,0,FALSE,2016,NAD83,13,394729.1456,4902567.977,1000,8.78058815,36.07395935,28.12722969,14.02301598,16.45162582,111.2120285,1071.108362,9631.212685
69,0,FALSE,2016,NAD83,13,391869.266,4924120.768,1000,15.87170315,41.1554184,29.18939972,9.597694397,12.66477585,387.5020447,374.2471847,7923.463274
70,0,FALSE,2016,NAD83,13,392977.4812,4915975.948,1000,13.93994427,44.94118881,31.37565231,7.184423923,10.34693241,102.6267776,555.7842132,468.070933
71,0,FALSE,2016,NAD83,13,399952.7367,4914991.874,1000,11.41344547,41.64032745,23.52685547,12.82348251,17.13528824,260.0890808,271.6206833,6373.99427
72,0,FALSE,2016,NAD83,13,383572.7206,4917801.066,1000,16.96560097,42.70831299,24.81679344,12.81716061,15.07181644,292.1931458,355.5235378,200.4469653
73,0,FALSE,2016,NAD83,13,391770.745,4920920.15,1000,18.7928791,57.70124817,21.17010307,7.119467258,9.173036575,225.2592316,82.20114034,2064.339042
74,0,FALSE,2016,NAD83,13,388255.3235,4903627.862,1000,7.155868053,30.13042068,31.06967163,12.06225872,13.89078999,36.92983627,459.0653137,3992.020515
75,0,FALSE,2016,NAD83,13,391936.6986,4919977.346,1000,15.47195435,55.19016266,23.80771255,6.377374172,8.547297478,227.6686707,381.8207349,660.2652003
76,0,FALSE,2016,NAD83,13,389717.2467,4913933.408,1000,10.15809155,44.65797424,25.84134865,11.71257782,13.04601765,107.718132,704.212531,3205.138108
77,0,FALSE,2016,NAD83,13,394990.0688,4917650.549,1000,11.30511856,48.44208145,28.34318352,7.924159527,9.608997345,197.3870392,304.4764622,6583.349115
78,0,FALSE,2016,NAD83,13,384635.5682,4918070.518,1000,12.56114006,40.99076843,28.60882568,7.975091934,8.090283394,252.5181732,169.6414272,463.4835623
79,0,FALSE,2016,NAD83,13,389310.1057,4911479.503,1000,13.68945694,50.21306229,24.38064194,10.3225174,12.16061783,250.4803925,17.95866878,3885.368803
80,0,FALSE,2016,NAD83,13,389816.6683,4906961.1,1000,8.961961746,31.60833168,27.17890358,16.08273697,19.24349785,201.1372681,565.5235378,6838.841596
17062001,1,TRUE,2017,NAD83,13,389309,4921170,1,13.188797,41.89746475,26.31706429,13.13128471,15.31391811,213.1811829,268.0703432,5184.589152
17060901,1,TRUE,2017,NAD83,13,389536,4920797,1,11.51002598,40.96072388,29.06891823,11.09869957,12.74566936,116.5809097,12.59089712,3810.555867
17051201,1,TRUE,2017,NAD83,13,393627,4916701,1,9.333952904,43.35531616,26.5837822,12.35243797,14.0981226,105.6406708,208.0260001,3548.355916
17052101,1,TRUE,2017,NAD83,13,390661,4922853,1,11.10793591,36.82701111,25.49863052,16.78886032,18.94536781,166.657608,288.2030468,8788.674236
81,0,FALSE,2017,NAD83,13,390399.4737,4914056.133,1000,14.92716885,51.00265884,24.88485718,9.559976578,10.96365929,192.2307281,314.7842313,5192.839251
82,0,FALSE,2017,NAD83,13,380769.8824,4918021.766,1000,15.29178047,39.42488861,27.02143478,11.15534306,14.42720318,543.1255493,636.6788563,3377.823139
83,0,FALSE,2017,NAD83,13,380057.9899,4918052.908,1000,12.88516712,36.89897919,27.09091187,12.22658157,15.25418377,259.1083069,191.6460828,4228.241731
84,0,FALSE,2017,NAD83,13,389111.2945,4916737.609,1000,7.566258907,36.77368546,28.26260567,13.80806255,16.79444885,84.05602264,323.1589467,2298.579625
85,0,FALSE,2017,NAD83,13,380860.2152,4918945.853,1000,10.58185768,32.41191483,30.78514862,10.80829144,12.54673576,132.3247223,518.7437617,6105.198193
86,0,FALSE,2017,NAD83,13,393183.8261,4925949.216,1000,8.669194221,38.07686996,25.97055435,14.1241169,16.66221237,116.1848526,325.9328641,3784.341667
87,0,FALSE,2017,NAD83,13,383751.6653,4918562.585,1000,15.86625862,51.70916748,25.51482391,6.871267319,9.042141914,322.1639099,288.545709,2022.217501
88,0,FALSE,2017,NAD83,13,390582.2762,4926692.181,1000,10.19078732,23.77666664,32.47038269,17.86192513,21.84363937,240.4968567,784.2043579,6442.769884
89,0,FALSE,2017,NAD83,13,389131.9118,4901536.661,1000,14.43555832,49.23412323,24.55238342,9.690425873,11.62004662,172.0449524,1248.531367,7842.662109
90,0,FALSE,2017,NAD83,13,394858.5194,4899245.189,1000,4.810076714,33.11175156,31.4598999,13.07446957,15.30311584,63.04931641,1346.062095,7073.673502
91,0,FALSE,2017,NAD83,13,387972.94,4922163.687,1000,17.18326378,47.99891281,26.41832733,8.94145298,11.176054,366.6012878,228.4553228,9869.563785
92,0,FALSE,2017,NAD83,13,388321.8013,4904386.164,1000,3.844021559,37.8290863,32.53057098,10.70463753,11.55989742,57.24571228,40.50949169,1990.401666
93,0,FALSE,2017,NAD83,13,385073.4546,4919897.263,1000,7.842023373,34.49137115,33.3956871,9.910093307,11.28621387,60.73519897,655.5235378,4798.331906
94,0,FALSE,2017,NAD83,13,396797.8883,4901182.821,1000,14.8258419,52.14142227,23.72820282,8.85567379,10.63721275,207.7298126,322.435131,5245.204525
95,0,FALSE,2017,NAD83,13,384028.3357,4915417.928,1000,9.628623009,15.76448345,39.20246124,17.34157753,20.82462692,100.3772278,1269.098866,1475.293298
96,0,FALSE,2017,NAD83,13,386957.6519,4925537.292,1000,10.98178291,28.15507889,32.79662704,14.18549442,16.43143082,91.18398285,1314.317088,15384.62126
97,0,FALSE,2017,NAD83,13,387111.2746,4922550.806,1000,7.297234535,23.20636559,35.9651947,13.56348705,15.59241772,75.74375153,74.84378633,11752.04943
98,0,FALSE,2017,NAD83,13,379475.1901,4917026.46,1000,11.534585,37.74894714,30.04877281,11.48114014,13.72660255,207.9854736,340.8085522,1531.670983
99,0,FALSE,2017,NAD83,13,393943.5292,4904051.457,1000,11.40402317,42.23110962,26.64496613,11.13187408,13.00011635,153.3266754,267.1706925,4975.85331
100,0,FALSE,2017,NAD83,13,390384.3538,4921269.207,1000,17.00649261,45.04949951,27.56375885,9.753940582,11.40637016,207.3426514,76.62960955,3972.732604
142,0,FALSE,2017,NAD83,13,390410.8334,4910832.123,1000,16.60066032,56.89573669,22.42361259,7.094445229,8.582058907,268.0665588,1243.054428,6859.119615
143,0,FALSE,2017,NAD83,13,383611.4308,4921750.561,1000,3.295553923,18.10741615,54.97594452,5.291544437,8.073519707,169.7095795,69.86282274,12072.90445
144,0,FALSE,2017,NAD83,13,398633.371,4910230.979,1000,9.514294624,33.13465881,26.69941902,15.8954792,18.78724861,105.1639709,114.5467844,3749.611179
145,0,FALSE,2017,NAD83,13,385656.2913,4924496.11,1000,5.051346779,18.11002922,42.03139114,14.06300259,16.84579086,133.9889679,257.9332513,18922.20239
146,0,FALSE,2017,NAD83,13,388838.5208,4916059.722,1000,15.9693985,52.82741165,24.15685463,8.11170578,9.596165657,102.9646759,329.9765622,1992.371812
147,0,FALSE,2017,NAD83,13,398488.1956,4908548.124,1000,12.5215435,46.05480194,24.56320572,11.83260536,13.38287544,156.2672119,266.8492178,1245.040656
148,0,FALSE,2017,NAD83,13,387172.2471,4916233.205,1000,14.59475136,50.83427429,25.03786278,8.701686859,10.5614109,159.7763367,364.4764622,4876.569993
149,0,FALSE,2017,NAD83,13,392004.7957,4926868.938,1000,9.02395153,27.88642693,33.60992813,14.76267147,18.24653625,356.3881226,226.6318993,4026.638083
150,0,FALSE,2017,NAD83,13,380057.5926,4919175.621,1000,9.682964325,34.41187668,28.37738609,13.84132862,16.03234482,216.8905487,267.6490334,7686.204543
151,0,FALSE,2017,NAD83,13,399866.4454,4908898.283,1000,12.71764755,36.3935585,28.06999969,12.96827984,15.96394253,195.4499664,590.9851197,2212.703446
152,0,FALSE,2017,NAD83,13,392463.3886,4907612.699,1000,9.162656784,39.43809891,29.11938095,12.15405178,14.79432964,194.1762695,314.0296735,6003.60809
153,0,FALSE,2017,NAD83,13,385310.7504,4907998.335,1000,8.437952042,31.88881874,32.4090271,11.92811298,14.29489326,50.29562378,133.1005597,5148.272868
154,0,FALSE,2017,NAD83,13,387236.9079,4925979.181,1000,9.139137268,29.73526955,34.62286758,10.3358593,11.50098515,40.67151642,1260.133514,13607.0798
155,0,FALSE,2017,NAD83,13,382445.6877,4918357.214,1000,9.863702774,26.27327538,35.64206314,13.3155756,15.43813992,208.7977753,189.0252262,2684.17811
156,0,FALSE,2017,NAD83,13,398079.6788,4904423.892,1000,14.06951809,51.80532074,26.5726738,5.678694725,8.363841057,161.239563,1071.575681,3194.042442
157,0,FALSE,2017,NAD83,13,390448.255,4906212.896,1000,8.793458939,38.53943634,28.03321075,13.00615788,15.90094185,156.8747101,1206.193258,4536.810036
158,0,FALSE,2017,NAD83,13,393824.7069,4905426.618,1000,7.233796597,41.47826767,25.93116951,12.81736755,14.63418102,145.5972137,118.5767527,1740.800453
159,0,FALSE,2017,NAD83,13,395251.9285,4919284.534,1000,8.176654816,33.81012344,29.36317062,12.86275864,14.47155571,89.72519684,82.81939693,1685.824685
160,0,FALSE,2017,NAD83,13,384223.0412,4910781.833,1000,9.637099266,29.0480957,32.365345,14.94329166,18.98270607,514.7937012,88.86590776,7917.519
101,0,FALSE,2017,NAD83,13,388646.3648,4911901.952,1000,9.01362133,27.20722771,37.1737442,12.56477928,14.48827362,18.8447876,10.71456177,1387.183718
102,0,FALSE,2017,NAD83,13,394203.7358,4911589.009,1000,11.29501534,43.89324188,24.60632133,13.27735424,15.11090755,252.3079376,881.8461632,4630.272591
103,0,FALSE,2017,NAD83,13,389473.1884,4902199.672,1000,13.01407146,40.93871689,31.40829086,9.368317604,11.99030018,62.01849365,881.0268588,5903.795828
104,0,FALSE,2017,NAD83,13,390623.8299,4922080.516,1000,14.73714828,47.25242996,27.65484047,8.284365654,10.19011402,283.3296814,23.73977641,6375.060028
105,0,FALSE,2017,NAD83,13,379372.5127,4914880.712,1000,13.34348392,34.26880646,30.89683151,11.98915958,15.21444225,223.1143799,87.88344504,4971.64005
106,0,FALSE,2017,NAD83,13,387286.397,4927293.714,1000,10.38442039,28.38333511,31.37905884,15.18167782,18.00794792,65.10723877,691.1749373,10135.9157
107,0,FALSE,2017,NAD83,13,389017.4265,4919888.354,1000,12.31594849,48.74774551,26.5608139,7.943341255,9.54097271,192.2705383,176.0428991,1818.648252
108,0,FALSE,2017,NAD83,13,393225.7809,4899399.568,1000,10.4945507,35.32456589,28.20340347,14.38163662,17.1307354,62.75328445,831.896363,1745.42655
109,0,FALSE,2017,NAD83,13,390415.6623,4903646.986,1000,10.60835552,44.76459122,29.47514153,9.31573391,11.01661873,237.6920929,36.11195472,2101.61555
110,0,FALSE,2017,NAD83,13,394838.7071,4919124.871,1000,11.22844315,41.92941666,28.9496479,10.63963032,11.58743858,136.3547974,368.9873884,1745.253742
111,0,FALSE,2017,NAD83,13,388862.2262,4908665.95,1000,18.46213341,48.70462799,24.90573311,10.23722839,12.75816536,195.1309052,505.5848237,6227.56002
112,0,FALSE,2017,NAD83,13,393280.9818,4905646.747,1000,9.863838196,40.11473083,29.4011879,10.21234226,11.61127186,44.2850914,81.10836152,67.60406232
113,0,FALSE,2017,NAD83,13,394639.2687,4915721.543,1000,8.064799309,21.52363968,31.57931709,16.94514656,20.93744469,97.81967163,114.0126397,4201.150048
114,0,FALSE,2017,NAD83,13,384456.3572,4908648.963,1000,12.17660427,33.88692474,33.13672638,10.81306267,13.1093359,451.8833313,898.92931,7925.173338
115,0,FALSE,2017,NAD83,13,387015.8863,4917826.457,1000,16.0014801,17.61378479,44.73443604,10.59383011,15.30009079,24.10597801,100.5485433,3353.411331
116,0,FALSE,2017,NAD83,13,397478.9158,4911036.58,1000,19.25680923,51.69337463,23.91292572,8.639391899,10.93323898,251.3002472,818.9736293,4087.274402
117,0,FALSE,2017,NAD83,13,393424.4809,4910226.804,1000,15.19487286,36.88274765,27.40376472,13.5186224,16.42082787,184.2937164,463.9886602,4647.557969
118,0,FALSE,2017,NAD83,13,393925.9971,4920964.01,1000,14.61762905,58.57902908,25.54782677,2.921033144,4.88106966,134.743927,709.2322483,633.4192181
119,0,FALSE,2017,NAD83,13,396134.9329,4915971.503,1000,13.14442825,41.59651566,26.60246849,11.98811531,14.80539322,317.6964417,1116.687606,8977.384066
120,0,FALSE,2017,NAD83,13,393012.0355,4900652.891,1000,14.01921654,47.30841827,25.01979065,10.55344868,12.92579651,83.26136017,74.21864138,2167.631585
121,0,FALSE,2017,NAD83,13,396950.7295,4913602.122,1000,9.156640053,30.2439537,29.46016502,14.60216808,19.88553238,228.7641296,102.9858316,9010.635725
122,0,FALSE,2017,NAD83,13,399041.0977,4903028.515,1000,7.125819206,38.14255524,27.30076218,12.84182167,15.12887287,109.1131973,432.3711117,987.5118873
123,0,FALSE,2017,NAD83,13,388334.6626,4918314.999,1000,17.6452961,48.56575012,25.72501755,8.375817299,9.87921524,192.5507202,141.1083615,2749.995587
124,0,FALSE,2017,NAD83,13,386418.3626,4920978.869,1000,14.05375099,37.68232346,32.19148636,9.902557373,12.09627151,85.07382202,368.6945145,7162.302041
125,0,FALSE,2017,NAD83,13,379976.4784,4914053.646,1000,15.77106857,46.42670441,28.40028,8.78775692,10.27394962,205.3805237,785.924021,1695.77164
126,0,FALSE,2017,NAD83,13,381263.8438,4917039.521,1000,16.63163185,45.32897568,26.50074387,10.09113693,13.34896946,383.3927612,320.9229146,197.2834059
127,0,FALSE,2017,NAD83,13,401507.9155,4911399.95,1000,10.03237534,35.79217911,31.20457458,11.14277554,12.98268986,92.00126648,303.6135535,5512.287031
128,0,FALSE,2017,NAD83,13,401554.95,4908748.503,1000,8.354294777,37.40572739,25.33413124,15.86492825,18.03700829,123.6706467,411.1083615,7366.298528
129,0,FALSE,2017,NAD83,13,393788.383,4910035.136,1000,7.592402935,32.33852768,28.10338402,15.45112228,18.99425125,187.8889771,667.4174244,3489.240472
130,0,FALSE,2017,NAD83,13,392367.5101,4919717.039,1000,16.9778862,43.98478317,27.8676281,9.068763733,10.96324348,122.2995605,180.8156622,1138.402016
131,0,FALSE,2017,NAD83,13,386369.2058,4924135.01,1000,14.11220837,27.68539429,33.97363663,12.64403439,16.61062431,243.3782196,188.5521143,17260.5276
132,0,FALSE,2017,NAD83,13,396470.6012,4899840.096,1000,7.730489254,31.25170708,28.80328178,15.75112152,18.51277924,68.87004089,274.6303586,6401.237668
133,0,FALSE,2017,NAD83,13,397829.4019,4919483.799,1000,8.565756798,34.81345367,29.10210037,13.48281097,16.27210045,199.549057,8.891638483,5576.603699
134,0,FALSE,2017,NAD83,13,391205.2539,4908562.551,1000,18.73352623,57.23108673,22.67718887,5.893778801,7.748588562,265.9917603,848.9707315,11120.99944
135,0,FALSE,2017,NAD83,13,389563.8453,4903537.101,1000,9.895464897,29.19900513,37.32716751,9.409749985,12.46970749,38.67771912,118.6108847,4400.561051
136,0,FALSE,2017,NAD83,13,391906.7759,4906911.448,1000,14.92597198,42.53213501,26.7181015,11.49166012,13.89358616,230.9472809,201.1083615,6144.385924
137,0,FALSE,2017,NAD83,13,389282.4502,4921961.576,1000,6.063071251,38.90930557,29.63855934,11.31669331,12.94160557,130.3367767,678.7522318,7317.889514
138,0,FALSE,2017,NAD83,13,391372.7475,4913316.868,1000,16.54046822,57.73166656,21.67011642,6.647799969,8.723905563,316.646759,818.5764406,8834.130025
139,0,FALSE,2017,NAD83,13,388429.0521,4912840.613,1000,9.746991158,24.65013695,39.46191025,12.94609451,14.74545956,52.27516937,62.9577614,200.5021425
140,0,FALSE,2017,NAD83,13,389726.1958,4917990.297,1000,4.68986845,31.52774048,30.98290443,11.88450813,12.8085146,45.81925964,1204.022819,3710.868444
18061201,1,TRUE,2018,NAD83,13,389225,4921587,1,9.458257675,37.18833542,28.59225845,12.57043266,15.17363453,167.8566895,501.1083615,6358.86636
18062101,1,TRUE,2018,NAD83,13,390095,4923457,1,9.521347046,38.48181534,26.99336433,13.22384071,16.20731735,147.5264282,116.8372946,11227.09898
18080801,1,TRUE,2018,NAD83,13,389568,4921400,1,8.125804901,36.10920715,29.43471718,12.70047379,14.55269432,80.18158722,530.5480648,5250.670342
18051501,1,TRUE,2018,NAD83,13,396395,4910262,1,8.05635643,32.47594452,30.64317894,13.11886787,15.61733913,163.3594208,386.7153982,158.2735275
18060401,1,TRUE,2018,NAD83,13,395139,4905128,1,5.463662148,28.34157562,31.74454308,13.64236069,17.68625069,164.1119232,140.6720381,1109.098695
18062201,1,TRUE,2018,NAD83,13,395170,4905084,1,5.889719009,26.71615028,32.05628204,14.21765232,18.74910355,165.9055328,140.6720381,1342.772777
18051301,1,TRUE,2018,NAD83,13,390323,4923004,1,11.93854809,36.14279938,28.97193527,12.96257782,16.32319832,156.5044708,8.891638483,9581.433147
241,0,FALSE,2018,NAD83,13,392565.2431,4913226.246,1000,14.38567638,50.96174622,24.59833908,8.78041172,10.6229887,251.9974823,1679.122603,5707.155621
242,0,FALSE,2018,NAD83,13,400920.3224,4911834.894,1000,8.302089691,19.55204391,39.97930145,12.97504807,16.25634766,126.6743164,52.40146896,5913.38859
243,0,FALSE,2018,NAD83,13,388636.476,4913678.294,1000,7.386327267,12.34998512,45.25991058,16.11279488,18.12362099,3.368942499,462.3232009,219.1243541
244,0,FALSE,2018,NAD83,13,392443.0741,4918721.323,1000,11.32077122,29.06000519,43.80862808,5.883489609,7.40067625,30.56241417,703.9311912,326.8703014
245,0,FALSE,2018,NAD83,13,401061.6444,4910005.777,1000,9.948671341,39.87267303,25.55256844,14.549757,16.82576752,139.8253937,81.64808222,7473.402789
246,0,FALSE,2018,NAD83,13,387953.4753,4911194.351,1000,4.350541592,32.11556625,32.67383575,12.27820873,13.93832302,42.04718781,336.4074921,57.85814016
247,0,FALSE,2018,NAD83,13,388578.6408,4922552.369,1000,11.36635303,37.10643387,27.47519302,13.93789768,17.5634079,165.1405029,463.8311138,10246.76181
248,0,FALSE,2018,NAD83,13,394911.0687,4924046.84,1000,9.124027252,41.43815613,24.37521744,14.59521008,17.07842636,555.9509277,379.9582061,2164.934862
249,0,FALSE,2018,NAD83,13,399169.4113,4918380.055,1000,8.908539772,21.73866463,33.53437805,17.69578362,20.35299873,44.1560173,711.1083615,6642.307613
250,0,FALSE,2018,NAD83,13,393980.5106,4913509.63,1000,9.534405708,34.99207306,30.58639717,12.15937042,14.06943607,328.7350464,1954.798135,1457.403203
251,0,FALSE,2018,NAD83,13,388600.4182,4914387.077,1000,9.037435532,20.12126732,44.27964401,13.07840633,14.54053116,12.30452919,1141.338943,705.1339967
252,0,FALSE,2018,NAD83,13,394426.4254,4903191.135,1000,15.99348736,42.13832474,26.60352325,9.38904953,12.70543385,76.7661438,761.6883369,7787.453597
253,0,FALSE,2018,NAD83,13,387999.9939,4906085.796,1000,3.604166746,11.62842464,41.29713821,15.35785294,19.34586143,2.231723547,569.8869227,2625.542324
254,0,FALSE,2018,NAD83,13,394175.3743,4910975.168,1000,12.04080963,37.85023117,29.12369537,11.81352711,15.21197891,214.0808258,303.0283705,3089.066382
255,0,FALSE,2018,NAD83,13,395065.4268,4905598.076,1000,9.154454231,31.36730576,29.37129593,14.75114155,17.9413166,154.094223,56.40915645,264.7840484
256,0,FALSE,2018,NAD83,13,393240.1916,4909506.099,1000,12.18192863,38.83493042,27.60147476,13.27495575,15.8865509,250.6311646,367.2072469,4827.033377
257,0,FALSE,2018,NAD83,13,385077.1559,4908564.35,1000,14.72396946,46.00429535,27.56518745,8.781320572,10.55093002,121.7724838,308.8916385,5846.025816
258,0,FALSE,2018,NAD83,13,390172.3622,4916679.726,1000,4.321174622,29.71032715,34.69776535,11.20677757,12.45840645,16.00812721,64.47646218,175.121348
259,0,FALSE,2018,NAD83,13,391185.8707,4906814.734,1000,16.71880531,38.72950745,26.16773415,14.15374088,16.40190697,454.0849304,490.2223432,6611.545388
260,0,FALSE,2018,NAD83,13,386768.1903,4926330.483,1000,5.205479145,33.07074356,33.16511154,11.27679157,12.17083836,54.25748062,967.4857978,13621.05054
261,0,FALSE,2018,NAD83,13,389995.7611,4902572.986,1000,7.866320133,28.5907383,31.53993607,13.85421467,16.8402195,92.22895813,246.6548629,3761.966302
262,0,FALSE,2018,NAD83,13,382997.332,4919399.332,1000,12.45590496,45.06227875,26.53985786,9.935063362,11.76168346,133.1982117,612.3286341,5423.481057
263,0,FALSE,2018,NAD83,13,394518.7351,4910653.227,1000,14.31302834,41.66995239,27.28736496,11.77578259,14.92939472,164.4900208,25.52353782,1540.185347
264,0,FALSE,2018,NAD83,13,390751.3586,4913592.474,1000,16.63550568,57.06266022,26.08102608,4.372430801,5.782769203,129.3071594,424.5143284,6812.758374
265,0,FALSE,2018,NAD83,13,395872.8487,4922087.58,1000,8.916326523,16.62716866,39.93881226,14.55899525,17.29557037,51.47422409,25.52353782,226.3024834
266,0,FALSE,2018,NAD83,13,396311.1474,4918926.253,1000,16.97979927,54.84924316,22.05636024,7.251431465,9.655499458,416.5422363,136.4822888,5209.363527
267,0,FALSE,2018,NAD83,13,394374.2541,4908677.86,1000,15.15895176,43.13433456,25.29761124,13.13175297,15.48857975,138.4348755,173.282175,2179.398004
268,0,FALSE,2018,NAD83,13,390967.1156,4923422.887,1000,10.27477551,40.73421478,28.4863987,10.99681568,13.49211121,213.9824677,691.9617252,9843.149655
269,0,FALSE,2018,NAD83,13,392747.489,4927274.425,1000,10.66790771,39.68820572,33.93242264,6.806350231,9.906270027,140.9358826,209.705567,1645.873778
270,0,FALSE,2018,NAD83,13,388638.3531,4916947.485,1000,12.14367008,37.49375916,29.27119064,11.85563564,14.56460762,194.2775116,23.73977641,3922.527662
271,0,FALSE,2018,NAD83,13,396237.2213,4901050.9,1000,14.21284866,49.03595734,22.51987267,10.56395721,13.54628754,203.591156,187.9720432,7050.396274
272,0,FALSE,2018,NAD83,13,386972.9616,4926750.035,1000,4.643156528,21.26198196,37.1924057,12.23320198,13.80864525,87.23943329,1043.596796,12115.21044
273,0,FALSE,2018,NAD83,13,387741.4207,4918578.613,1000,18.94876671,54.64901352,25.39767838,6.054047585,7.688672066,119.510231,355.4658586,1465.557381
274,0,FALSE,2018,NAD83,13,385459.013,4906192.047,1000,10.79513645,42.51178741,29.00580215,9.663310051,11.03993797,42.88164902,549.9032554,5554.819775
275,0,FALSE,2018,NAD83,13,391824.9247,4910731.436,1000,13.45755672,39.54778671,26.22875977,13.19833755,15.83819199,174.7669678,660.9511943,9960.325783
276,0,FALSE,2018,NAD83,13,397451.3253,4915583.201,1000,14.20451927,39.39096451,26.05045891,12.2519598,16.32347298,341.0183716,488.8916385,12029.47426
277,0,FALSE,2018,NAD83,13,386431.7437,4910361.76,1000,6.252995968,31.60957336,31.96666145,12.72088051,14.90586472,41.01486588,88.86590776,2433.111665
278,0,FALSE,2018,NAD83,13,390097.5261,4920636.101,1000,5.59022522,30.55254555,32.20183563,12.68575668,14.28845406,67.46338654,295.5235378,2232.561052
279,0,FALSE,2018,NAD83,13,391681.5334,4913857.501,1000,15.51622963,49.31756973,26.25009918,8.645965576,10.35411644,349.5119934,1077.586532,7114.732285
280,0,FALSE,2018,NAD83,13,381814.5311,4916264.401,1000,13.85997868,34.95126343,33.81385803,8.889699936,11.22070026,151.8620453,1096.803096,2462.399734
281,0,FALSE,2018,NAD83,13,396665.3437,4908856.382,1000,7.07428503,29.1169281,30.68941307,14.53240967,17.85194588,91.79037476,547.8866039,427.0966741
282,0,FALSE,2018,NAD83,13,384883.4518,4914643.838,1000,13.41298294,45.4740715,25.23872948,11.83913422,13.56145477,207.2622833,117.5656258,5086.260258
283,0,FALSE,2018,NAD83,13,390087.6149,4923028.255,1000,9.526910782,33.17882156,30.54390144,13.25065899,15.47202682,436.0697021,151.1936041,9791.672451
284,0,FALSE,2018,NAD83,13,388890.4321,4904540.929,1000,14.74943733,46.62466812,27.37226868,7.671982288,10.03666592,223.5218506,263.1137683,1315.066627
285,0,FALSE,2018,NAD83,13,401398.1183,4910868.91,1000,14.51394176,41.81441498,32.63880539,7.996161461,10.30754662,262.8830566,261.1083615,6953.625371
286,0,FALSE,2018,NAD83,13,393969.8776,4914915.82,1000,12.58132744,36.93567657,33.6789093,9.099672318,10.60597515,180.5852966,1079.33456,1108.728743
287,0,FALSE,2018,NAD83,13,391034.7947,4910105.371,1000,16.09226227,51.02277756,27.36357307,6.589185715,8.116333008,294.4266357,1327.643973,9090.0404
288,0,FALSE,2018,NAD83,13,386179.68,4910678.924,1000,9.578081131,37.08025742,31.01142693,10.62013149,13.04916191,32.90390015,4.476462183,2809.727404
289,0,FALSE,2018,NAD83,13,390132.6523,4908064.242,1000,15.21335697,42.26791382,25.64888763,11.95966244,14.7327528,205.3860168,544.4415222,10387.05899
290,0,FALSE,2018,NAD83,13,388343.0161,4920715.281,1000,11.50298786,44.79225159,29.55515671,8.679567337,10.46478176,110.3764877,682.4350238,4909.103224
291,0,FALSE,2018,NAD83,13,391607.9553,4904390.974,1000,17.02788544,53.80639267,22.26193237,9.239261627,10.72754478,323.5342712,361.5406335,1036.251279
292,0,FALSE,2018,NAD83,13,382344.9587,4915100.091,1000,8.933050156,30.90839767,36.1942215,10.27489758,11.51549721,83.35183716,483.4904874,506.9682754
293,0,FALSE,2018,NAD83,13,380625.6038,4914732.925,1000,17.12871933,49.80130005,29.50980186,5.463346958,7.383435726,357.9642334,643.4445452,2512.685962
294,0,FALSE,2018,NAD83,13,392321.0447,4901938.012,1000,12.6928978,48.02708817,25.19320869,9.954641342,11.59643269,99.9034729,1270.150902,1800.257745
295,0,FALSE,2018,NAD83,13,386156.9453,4921665.101,1000,6.632354259,30.72026634,33.32239151,12.19178295,13.51307201,50.9369812,219.2100466,9538.984259
296,0,FALSE,2018,NAD83,13,393362.7273,4908036.92,1000,11.54555225,41.61410904,28.81621933,9.180733681,11.85463715,132.2560577,644.4292842,4331.367933
297,0,FALSE,2018,NAD83,13,396350.2725,4911499.079,1000,14.68623066,43.04014969,25.78387642,12.02439404,15.0885973,183.2446747,10.71456177,2755.22891
298,0,FALSE,2018,NAD83,13,394614.7734,4921653.081,1000,7.444874287,24.85913658,43.56554794,9.203603745,10.97155952,16.94201469,109.638332,584.5309408
299,0,FALSE,2018,NAD83,13,395530.5431,4922384.475,1000,15.55396843,7.241813183,56.10024261,8.161491394,13.60082531,2.499185562,338.8916385,1073.106728
300,0,FALSE,2018,NAD83,13,389154.9516,4905102.438,1000,12.63869572,43.70783234,28.89846611,9.648558617,11.10006428,136.7354126,249.9197162,593.5920002
161,0,FALSE,2018,NAD83,13,398266.2939,4903078.179,1000,11.69436359,45.88795471,23.91137123,11.72239017,14.16860771,108.1559448,228.4458536,999.0219466
162,0,FALSE,2018,NAD83,13,398212.336,4909421.968,1000,11.09402847,37.30104828,24.16116142,15.46988678,19.40821838,217.9442444,308.8916385,969.4162126
163,0,FALSE,2018,NAD83,13,388981.5552,4926838.025,1000,7.364746571,28.14055824,27.81837845,19.01468658,21.94258308,134.6026306,643.5964597,7957.888536
164,0,FALSE,2018,NAD83,13,399997.3657,4907991.851,1000,15.61352539,47.54955292,22.69688416,12.26473236,13.57094193,194.1326752,155.5410695,2832.283851
165,0,FALSE,2018,NAD83,13,389443.426,4926154.635,1000,9.234044075,29.67584229,27.7219162,17.33337021,20.96111107,136.5320129,825.9616946,9367.347476
166,0,FALSE,2018,NAD83,13,393209.2765,4922849.629,1000,8.632119179,39.50918579,31.045084,10.14237309,12.47493839,129.743515,435.7001064,2273.649046
167,0,FALSE,2018,NAD83,13,394489.058,4918458.883,1000,15.73574448,48.81755829,28.14943123,7.703196049,9.371681213,172.7610016,1012.276724,4084.144673
168,0,FALSE,2018,NAD83,13,389405.8122,4918529.112,1000,13.2965107,40.93980026,29.36127472,8.474892616,9.974086761,80.48362732,1114.690632,2763.253414
169,0,FALSE,2018,NAD83,13,385767.6969,4912438.734,1000,11.32160091,40.82585144,29.83128166,10.33645058,12.79159355,18.28373528,238.7466708,6703.739946
170,0,FALSE,2018,NAD83,13,395244.1719,4912498.915,1000,15.21063328,39.17156982,28.69066429,11.99073315,14.07211876,307.4483948,824.3932331,5661.163258
171,0,FALSE,2018,NAD83,13,385978.237,4916914.923,1000,4.357345104,30.81480598,31.59001541,11.80143929,13.23806,77.78670502,217.4627906,2794.170087
172,0,FALSE,2018,NAD83,13,393949.7947,4912689.172,1000,9.230088234,35.4025116,28.69758987,13.23760128,15.31494141,282.9766235,1980.725813,3980.630688
173,0,FALSE,2018,NAD83,13,383682.708,4914442.994,1000,6.68042469,31.54136848,31.60100365,12.99938393,14.33795834,57.81725693,722.3877157,3600.179841
174,0,FALSE,2018,NAD83,13,384290.8691,4919684.589,1000,13.06435204,45.44685364,28.97539902,7.475142002,9.022241592,169.8574982,74.10686837,4944.712244
175,0,FALSE,2018,NAD83,13,397017.7023,4916961.05,1000,11.96806908,39.6581192,25.96174812,12.82817459,16.62971497,245.0124359,824.2548719,11290.62667
176,0,FALSE,2018,NAD83,13,390836.5307,4907538.637,1000,9.297197342,36.91184235,24.83223915,17.14772797,18.97848892,341.8027954,34.47646218,8947.183371
177,0,FALSE,2018,NAD83,13,399571.6921,4917524.952,1000,7.657856941,25.57672501,31.23269081,16.02519035,19.71778297,118.4741745,274.4764622,9279.641633
178,0,FALSE,2018,NAD83,13,391638.4626,4914960.988,1000,16.41627312,57.99380112,22.71148491,6.362079144,7.636271477,377.1567688,1141.341458,4665.982877
179,0,FALSE,2018,NAD83,13,388280.2166,4916670.516,1000,11.32600307,40.93112183,24.76390839,14.63075638,16.64596748,163.1671143,300.2602161,4525.509604
180,0,FALSE,2018,NAD83,13,393235.1958,4923669.264,1000,15.6491642,45.24332809,22.58412361,13.5319643,15.56260872,184.5626678,296.4141281,3495.492111
181,0,FALSE,2018,NAD83,13,391136.6186,4905219.937,1000,14.45960808,43.38223267,25.31702232,11.8211031,13.93875885,160.0822906,349.0865698,1413.684825
182,0,FALSE,2018,NAD83,13,397199.0916,4918162.099,1000,12.88185787,41.80173111,26.63657379,10.99567986,13.42633152,442.7200928,171.1083615,9051.521901
183,0,FALSE,2018,NAD83,13,390269.743,4920067.584,1000,9.373880386,46.46919632,25.04725838,10.78231621,12.60416603,200.8058014,437.2222291,425.3660071
184,0,FALSE,2018,NAD83,13,385658.1737,4923803.902,1000,16.73942184,33.32887268,32.48493195,10.38235664,13.78016758,321.7207336,165.4355879,16711.62123
185,0,FALSE,2018,NAD83,13,381062.2305,4915383.408,1000,12.83967781,32.11167908,28.32628822,15.49387169,18.40254402,202.4926147,51.55036638,1077.41793
186,0,FALSE,2018,NAD83,13,388267.5314,4923913.681,1000,6.271745205,34.08062363,30.51919937,12.01863194,13.64007854,211.5991364,406.1757309,14537.23567
187,0,FALSE,2018,NAD83,13,382699.8371,4916813.324,1000,17.33169174,47.87898254,27.88983345,8.234852791,10.00767517,275.8895874,716.3778069,2395.901503
188,0,FALSE,2018,NAD83,13,387216.0901,4924816.045,1000,8.77613163,31.44495773,25.39924622,18.35919571,21.60669327,223.3687439,843.9441437,16687.33501
189,0,FALSE,2018,NAD83,13,381541.2117,4919278.13,1000,12.86221504,37.12383652,28.74087906,11.41974449,14.32767677,229.4647522,222.4769368,6438.960965
190,0,FALSE,2018,NAD83,13,384484.3468,4917439.186,1000,4.798445702,24.97873878,36.83465576,10.55720043,11.46547222,35.39714813,449.2444578,2275.701658
191,0,FALSE,2018,NAD83,13,387997.6618,4919695.843,1000,10.22694778,36.00180054,28.23496437,13.45671272,15.64303589,177.9112549,265.5235378,1889.398513
192,0,FALSE,2018,NAD83,13,395837.9021,4901873.324,1000,9.198004723,41.15806198,27.32232857,10.67373466,12.36330128,104.183815,248.4700623,7842.695257
193,0,FALSE,2018,NAD83,13,390806.7434,4911006.488,1000,13.44915104,44.94396973,26.17762947,11.19143486,13.05701542,209.8168793,1117.27726,8310.842119
194,0,FALSE,2018,NAD83,13,396668.8265,4907372.158,1000,7.578865528,27.87046051,28.76530075,16.89627266,20.95868683,186.1071167,833.3620676,835.1412305
195,0,FALSE,2018,NAD83,13,387222.1046,4908918.646,1000,12.75651646,21.2753582,42.69805908,13.62862682,14.94731045,56.90954971,118.5767527,1060.069682
196,0,FALSE,2018,NAD83,13,389456.0021,4907711.243,1000,15.61213207,51.89971542,23.71110153,9.023622513,10.8634901,242.194397,156.5153952,8244.436439
197,0,FALSE,2018,NAD83,13,398753.8681,4902064.405,1000,6.684658527,41.46984863,28.04808807,11.74071026,13.13147259,123.2029572,505.5235378,1074.081486
198,0,FALSE,2018,NAD83,13,385103.6335,4918830.521,1000,13.34506512,39.65022278,32.60296631,8.606747627,9.761857033,58.76391983,862.9630662,1491.124765
199,0,FALSE,2018,NAD83,13,384327.0854,4923491.09,1000,10.46413422,35.00130081,32.27237701,10.45008469,11.50905704,82.43392944,296.8609502,16777.00917
200,0,FALSE,2018,NAD83,13,386304.5841,4922669.511,1000,6.373186588,18.04788589,37.68053436,15.64218903,18.45946121,51.82096481,464.6257795,12687.79802
201,0,FALSE,2018,NAD83,13,390965.241,4920814.068,1000,6.60830164,37.50165176,28.42055321,13.15375614,14.77039909,200.858429,675.5838304,2135.596997
202,0,FALSE,2018,NAD83,13,391232.4283,4912852.563,1000,17.14222908,49.80432892,25.10473061,9.19554615,11.39165688,207.7392426,481.5139746,9195.217812
203,0,FALSE,2018,NAD83,13,387206.4775,4913086.008,1000,11.47927856,44.24492264,26.91346169,11.48406506,13.23038101,208.0503693,337.5012989,2957.320553
204,0,FALSE,2018,NAD83,13,387101.9393,4907100.941,1000,16.38490677,45.10216522,32.84300232,4.475032806,7.509515762,2.410020113,81.10836152,263.7330116
205,0,FALSE,2018,NAD83,13,391898.3815,4901711.424,1000,9.054657936,37.67977142,29.05061913,12.32346535,14.52670765,189.2723694,1392.05548,315.7128368
206,0,FALSE,2018,NAD83,13,390951.7744,4925124.023,1000,12.25401878,30.02738762,31.8369751,14.42239189,17.21342278,531.6201172,158.8916385,10790.37618
207,0,FALSE,2018,NAD83,13,392222.9776,4910921.68,1000,12.96606445,40.11494827,28.08675766,11.42945576,13.90732002,187.5357971,279.4173711,8809.842605
208,0,FALSE,2018,NAD83,13,393978.0458,4919404.844,1000,9.848369598,47.23430634,34.23385239,5.30330801,7.080805779,30.58166122,565.5848237,708.2500455
209,0,FALSE,2018,NAD83,13,396458.9337,4901966.501,1000,11.00460052,40.50715256,28.83858681,11.60780621,13.02080631,166.0101013,369.792759,5786.641096
210,0,FALSE,2018,NAD83,13,395971.8591,4905942.487,1000,5.46711874,40.47835159,27.23762131,12.82975864,14.18574619,108.7635422,985.4781717,2073.047612
211,0,FALSE,2018,NAD83,13,393950.9888,4914192.485,1000,13.10866356,34.22517395,33.16371536,10.58166885,13.72193909,268.900238,1522.0573,223.3378926
212,0,FALSE,2018,NAD83,13,393423.491,4898762.352,1000,6.001079082,35.89251328,30.0735817,13.69599438,15.21431065,52.09920502,1420.005733,2347.096674
213,0,FALSE,2018,NAD83,13,385731.5692,4917787.104,1000,7.599891663,22.08734322,39.2433548,10.80487633,12.58237457,47.2225914,154.4764622,2415.959182
214,0,FALSE,2018,NAD83,13,392270.3411,4917743.595,1000,6.893475056,41.38504791,25.9065876,13.39321518,15.28035736,122.4709167,933.2793057,1222.072184
215,0,FALSE,2018,NAD83,13,396917.5824,4915974.326,1000,14.30413342,43.55643463,25.68162727,11.58065796,14.29343796,633.699646,1010.822957,11092.71965
216,0,FALSE,2018,NAD83,13,389726.5005,4921033.672,1000,6.962031841,31.07001114,32.07273483,13.59916496,14.87287426,150.0914459,155.3353377,3949.78905
217,0,FALSE,2018,NAD83,13,395557.7335,4914338.885,1000,14.0090456,37.16913605,33.83200073,8.59608078,10.60391617,330.5719299,505.5235378,4697.646103
218,0,FALSE,2018,NAD83,13,391325.1618,4926226.559,1000,8.918025017,34.49924469,27.52070427,15.87242222,18.77027893,431.1159668,715.3738025,6947.430101
219,0,FALSE,2018,NAD83,13,385756.6492,4911207.494,1000,14.93868542,43.48696899,29.71496582,8.894815445,11.35886478,144.750885,230.8418218,4307.8584
220,0,FALSE,2018,NAD83,13,383932.8938,4913830.746,1000,13.32153702,40.22270203,32.44762421,9.326600075,11.5427866,123.1186905,110.3550773,5688.596967
141,0,FALSE,2018,NAD83,13,392306.2683,4921166.301,1000,10.54154778,35.15098572,27.77466774,13.89745808,16.57505989,155.8879395,442.6797717,1986.871456
221,0,FALSE,2018,NAD83,13,383771.0163,4920060.036,1000,8.223320961,26.74710464,40.29185486,8.844495773,10.34775257,48.77934265,390.4973331,6685.115481
222,0,FALSE,2018,NAD83,13,398129.8571,4916118.277,1000,6.629697323,21.44917107,36.33675003,14.26152611,17.74803925,101.8755264,201.1083615,13254.45203
223,0,FALSE,2018,NAD83,13,392181.6112,4916364.061,1000,7.969718456,33.37259293,36.1856575,9.429608345,10.56054115,84.7789917,174.5860358,558.775801
224,0,FALSE,2018,NAD83,13,394600.5325,4905350.2,1000,7.386505127,34.76714325,28.26409721,13.15209579,16.20223999,120.9268265,449.8677761,1449.471859
225,0,FALSE,2018,NAD83,13,386097.3585,4906563.253,1000,15.9898901,58.48989105,21.14794159,6.655148029,8.41701889,142.2532196,930.1184677,3221.912861
226,0,FALSE,2018,NAD83,13,395907.5979,4908496.243,1000,9.787928581,31.87602997,28.05313492,14.63590717,19.31403351,155.1032257,244.4764622,49.18016738
227,0,FALSE,2018,NAD83,13,385312.274,4916557.437,1000,5.288898468,20.81771088,37.22828293,13.90418434,16.50521278,108.9955597,262.0663802,1141.64092
228,0,FALSE,2018,NAD83,13,385131.843,4922169.804,1000,7.998156548,28.57631493,31.81305695,12.71141624,14.8426981,26.82311249,74.13107696,11940.31918
229,0,FALSE,2018,NAD83,13,401149.1107,4912950.333,1000,11.05043125,34.53570175,28.72755623,14.35491753,17.74168015,92.55599213,450.7407391,3269.990501
230,0,FALSE,2018,NAD83,13,397268.995,4900677.483,1000,10.59058189,43.86415863,27.73014832,10.67348194,12.17449093,114.1035004,774.2953343,4529.101452
231,0,FALSE,2018,NAD83,13,387656.2395,4926752.233,1000,8.225975037,28.76088142,35.07049561,11.79673576,13.82486629,203.4145813,555.1836768,10743.12697
232,0,FALSE,2018,NAD83,13,397844.9476,4908205.728,1000,14.32450294,47.4504509,23.7204361,11.97757053,14.09051418,346.2795105,55.52353782,610.8221582
233,0,FALSE,2018,NAD83,13,391894.3541,4899767.771,1000,13.88371658,48.19944382,27.44121361,8.245839119,9.411849022,124.2673492,127.0563544,2380.089001
234,0,FALSE,2018,NAD83,13,381728.0474,4915496.911,1000,12.80944729,34.34965515,29.17242241,13.9818697,16.5614624,223.125,389.9260334,983.1019477
235,0,FALSE,2018,NAD83,13,384429.6919,4922606.109,1000,9.438137054,28.52357483,31.17151642,14.69360065,16.65001106,284.6739502,595.5235378,13865.11007
236,0,FALSE,2018,NAD83,13,389732.5067,4910352.65,1000,12.28757286,42.72006607,26.52714539,12.03519249,15.39782715,155.6302948,506.3487355,4796.148713
237,0,FALSE,2018,NAD83,13,384997.7424,4912321.782,1000,4.651556492,25.77510834,33.13120651,14.87308121,16.69352531,26.00497437,471.1083615,8248.060537
238,0,FALSE,2018,NAD83,13,394255.8824,4921872.635,1000,17.71128273,47.96686172,29.7616291,6.06919241,7.793268204,186.585907,251.4954648,675.4897795
239,0,FALSE,2018,NAD83,13,393719.7189,4905932.034,1000,6.124372959,32.17538452,32.00918961,11.43209362,13.53264999,57.59238815,262.1524985,583.6421749
240,0,FALSE,2018,NAD83,13,392973.9861,4904483.19,1000,10.98904896,42.49124527,25.68719482,12.36583614,14.8382864,161.7579651,223.2941623,1779.975999
19061102,1,TRUE,2019,NAD83,13,397440,4909557,1,11.02620029,35.36473846,28.84100533,12.3369503,14.94202709,127.6579132,350.9636702,190.3280208
19073001,1,TRUE,2019,NAD83,13,383809,4916222,1,14.44423294,44.03995895,26.97044563,11.3381834,13.02239323,156.1753845,1661.202012,1183.592459
19082001,1,TRUE,2019,NAD83,13,393640,4903209,1,14.57421398,43.14832306,26.75693321,9.633282661,11.89560223,88.83621979,10.71456177,6226.496588
19061101,1,TRUE,2019,NAD83,13,389514,4920762,1,11.93985367,42.57894897,27.98647499,10.99825859,12.39060402,108.0943604,19.28543823,3743.621141
19081601,1,TRUE,2019,NAD83,13,396408,4910340,1,7.092523098,31.95217133,32.13397217,13.97137737,16.74495316,194.4885254,350.5737215,44.27848021
344,0,FALSE,2019,NAD83,13,401910.3695,4907956.846,1000,11.1895256,38.50047684,27.83089638,12.94748497,14.80254555,191.2848053,603.9924148,6027.897725
345,0,FALSE,2019,NAD83,13,390677.5424,4908519.355,1000,16.36154175,45.89701462,23.67637444,10.52878189,12.70399094,280.9039307,994.3032438,10446.24535
346,0,FALSE,2019,NAD83,13,398539.6045,4909099.642,1000,15.42695141,34.79692078,28.67652512,13.22033501,16.64565468,299.9642944,12.59089712,393.4043535
347,0,FALSE,2019,NAD83,13,391550.1218,4922027.103,1000,9.875762939,37.8936615,27.535532,13.13621998,15.6807003,516.2329712,511.6794723,5573.733383
348,0,FALSE,2019,NAD83,13,392628.9795,4899608.176,1000,11.21552277,32.46631622,29.27664757,13.34787273,15.98574543,132.5630798,245.4494387,106.1736661
349,0,FALSE,2019,NAD83,13,392822.7766,4903704.868,1000,9.017656326,29.30060196,30.96445274,12.49025536,14.41663647,120.2309341,550.9823376,3410.764931
350,0,FALSE,2019,NAD83,13,387562.4628,4909323.668,1000,15.76463127,8.517559052,53.75484848,11.50376892,17.80159187,1.899115086,381.1083615,1393.492411
351,0,FALSE,2019,NAD83,13,399506.0006,4915685.192,1000,11.41543198,32.36785507,28.28414154,13.91389847,18.6751461,259.7908325,98.89163848,8551.786032
352,0,FALSE,2019,NAD83,13,394655.7294,4915270.048,1000,5.458510876,27.10403442,30.89071274,14.82450867,17.16407013,121.0432434,301.7225759,3672.529772
353,0,FALSE,2019,NAD83,13,385955.0951,4925234.626,1000,11.74632359,27.66958237,38.39250183,11.30130863,14.71982765,350.9216309,665.754294,17275.58356
354,0,FALSE,2019,NAD83,13,393635.0599,4923546.702,1000,8.566784859,41.07539368,25.89925575,13.16782188,15.02403355,357.6990356,295.9473769,2505.438278
355,0,FALSE,2019,NAD83,13,388584.978,4906970.253,1000,8.104025841,37.48731613,29.50209045,11.60477829,13.0400753,126.7395859,535.5235378,5031.721338
356,0,FALSE,2019,NAD83,13,398560.8742,4915467.424,1000,7.668679714,32.35950089,34.29250336,11.60457611,13.78366089,296.9655762,591.1083615,11127.3525
357,0,FALSE,2019,NAD83,13,387687.177,4919177.868,1000,17.2060585,37.43809891,29.16305351,11.5213089,13.54868412,79.26875305,126.9488927,467.9529248
358,0,FALSE,2019,NAD83,13,388572.4666,4903903.84,1000,6.900831699,35.77570724,29.32479286,10.38152885,11.15412617,114.4210892,68.97456952,3456.408
359,0,FALSE,2019,NAD83,13,391676.642,4922408.653,1000,6.871928692,35.7989769,31.82011414,12.14921188,14.1343174,115.6758957,888.5280085,6448.05327
360,0,FALSE,2019,NAD83,13,388962.597,4903563.664,1000,11.29101849,39.17229462,29.40422821,9.606573105,10.75483227,90.16873169,149.4514202,4446.511377
361,0,FALSE,2019,NAD83,13,380950.6316,4914186.101,1000,13.34286308,17.7140274,46.9281311,9.962018013,13.45732784,14.54040909,919.0886891,437.8242693
362,0,FALSE,2019,NAD83,13,393038.0595,4916979.215,1000,12.6890831,46.88841629,26.16230774,10.31611729,11.47282887,242.0493927,186.186611,2954.172486
363,0,FALSE,2019,NAD83,13,386306.7751,4925623.407,1000,15.4676733,37.10404205,27.78193092,13.24253654,16.65316582,690.1013794,1026.276548,16337.50427
364,0,FALSE,2019,NAD83,13,392768.1603,4917452.611,1000,9.917609215,44.38335419,25.28939819,12.72847462,14.57165241,113.8911743,668.4739786,2184.192804
365,0,FALSE,2019,NAD83,13,398620.3127,4911518.795,1000,7.688734055,24.28316307,34.02376938,13.92043686,16.93278885,55.11420059,208.9276264,7235.615515
366,0,FALSE,2019,NAD83,13,386737.8103,4918225.795,1000,5.474456787,32.18712234,31.7212429,11.25831127,12.17037201,52.55880737,349.04684,1894.921759
367,0,FALSE,2019,NAD83,13,400808.2492,4914828.35,1000,12.02942848,27.5821743,31.16264343,14.94956398,18.9444561,178.5086823,338.8916385,3529.137969
368,0,FALSE,2019,NAD83,13,390842.7537,4919415.718,1000,9.247936249,37.02555466,28.55539322,13.10256481,14.95704174,292.9480286,437.4640051,565.632338
369,0,FALSE,2019,NAD83,13,394846.7918,4906511.326,1000,5.335800648,28.38103867,30.44419289,15.43235683,19.21712112,209.0115204,372.6831362,502.0463198
370,0,FALSE,2019,NAD83,13,389764.2371,4916302.555,1000,12.76436329,31.9913559,38.98546982,6.638967991,7.039950371,58.29779434,177.3217255,149.5130919
371,0,FALSE,2019,NAD83,13,398399.1918,4912652.424,1000,9.597672462,25.99342918,35.93649673,11.44957066,14.71257782,82.96425629,93.81287756,9591.960682
372,0,FALSE,2019,NAD83,13,393323.2368,4903660.053,1000,11.6489439,39.86507416,25.6521492,13.38853645,15.52092171,95.08221436,338.8916385,4392.590298
373,0,FALSE,2019,NAD83,13,393565.2252,4904533.286,1000,13.64241314,46.47913742,25.99520493,9.033208847,11.08389568,121.7584686,68.89163848,3030.642925
374,0,FALSE,2019,NAD83,13,394259.4076,4923189.594,1000,15.0098753,40.95775986,27.22689629,11.67727947,14.1128788,101.0108261,304.4764622,1659.147134
375,0,FALSE,2019,NAD83,13,389572.2214,4904617.778,1000,12.21376419,36.37640762,28.09662437,13.40004539,15.68871117,85.27852631,316.800665,873.0308464
376,0,FALSE,2019,NAD83,13,398034.6049,4918423.715,1000,10.40718746,32.87578583,29.16776276,13.09628105,17.35895157,231.9335632,254.763096,8162.371358
377,0,FALSE,2019,NAD83,13,389865.6542,4912452.641,1000,8.778443336,29.23353767,30.63806915,15.43250084,18.23519325,142.8358917,531.1083615,5047.067168
378,0,FALSE,2019,NAD83,13,394120.7404,4904442.015,1000,14.88787746,45.29997635,25.8100338,10.00585651,12.50720406,49.4955101,441.976157,4497.913226
379,0,FALSE,2019,NAD83,13,383444.7854,4918982.442,1000,18.96899605,47.44348907,23.07255173,10.76327705,12.88051033,175.8160553,475.6866974,3645.236966
380,0,FALSE,2019,NAD83,13,399852.6523,4906586.514,1000,8.596661568,39.2966423,26.20484924,12.13568878,13.65170288,252.0825195,1118.701731,139.9983142
381,0,FALSE,2019,NAD83,13,390116.0737,4917315.912,1000,9.460274696,26.83010101,34.89508057,11.36813068,13.54292679,45.3441391,670.3777342,1393.971317
382,0,FALSE,2019,NAD83,13,396509.6807,4904933.69,1000,14.52489376,50.05587769,23.42853165,9.072528839,11.58565044,187.0869598,854.139228,3053.20992
383,0,FALSE,2019,NAD83,13,389549.6279,4919319.192,1000,3.510056019,34.8194313,30.13782501,10.6456337,11.46046162,163.249649,569.7304586,376.3323608
384,0,FALSE,2019,NAD83,13,389784.4143,4904066.841,1000,14.06755733,51.76279831,23.67003059,9.444420815,11.16781139,134.2118988,269.1687841,2654.304144
393,0,FALSE,2019,NAD83,13,388658.4131,4911212.639,1000,7.610901356,18.16965103,43.05083084,13.0225563,15.06371784,9.77159977,286.6318993,2141.531159
394,0,FALSE,2019,NAD83,13,390102.7892,4902081.99,1000,7.998612881,36.41038513,29.29113007,12.24693489,13.93407154,59.47215652,279.1322591,4232.498341
395,0,FALSE,2019,NAD83,13,383246.0446,4918174.437,1000,10.12363434,31.60932541,29.08352852,13.93046093,16.52153206,280.2619629,58.49110097,1311.423458
396,0,FALSE,2019,NAD83,13,399885.5601,4911021.029,1000,11.86011124,33.41883469,27.17789459,14.88337135,18.50100708,203.7202301,1093.801888,7892.189666
397,0,FALSE,2019,NAD83,13,382516.3671,4912164.621,1000,11.6249094,30.03395462,37.11976624,11.29951859,12.98520374,45.43748856,1236.75037,742.3665594
398,0,FALSE,2019,NAD83,13,400350.1153,4911651.098,1000,8.036969185,40.5668602,25.69180489,13.27518749,15.54128838,182.7814636,475.5982561,7810.141586
399,0,FALSE,2019,NAD83,13,390890.1673,4915750.519,1000,15.20167732,47.99232483,26.43095589,9.070827484,10.66100121,96.53884888,359.9906225,3199.947939
400,0,FALSE,2019,NAD83,13,394274.6381,4924580.237,1000,12.97354889,40.48342514,26.18079948,13.48317051,16.09103584,500.7889099,38.89163848,3382.667825
385,0,FALSE,2019,NAD83,13,384436.4799,4910293.762,1000,11.41694641,31.77880096,32.56196976,11.83413029,13.93569279,217.5515594,162.3460586,8646.974557
386,0,FALSE,2019,NAD83,13,390411.1717,4907282.722,1000,12.66377544,41.63914108,27.01425362,11.41835976,13.97561169,256.0699463,235.5235378,8048.642763
387,0,FALSE,2019,NAD83,13,381626.3784,4920096.489,1000,9.150866508,27.94254494,29.37843132,14.98260403,19.16474342,391.6054993,471.1083615,8956.773927
388,0,FALSE,2019,NAD83,13,398657.556,4913227.653,1000,13.54571438,27.60789108,33.73584747,11.39205551,15.88530731,178.403595,265.5235378,10482.90414
389,0,FALSE,2019,NAD83,13,393154.4733,4901648.035,1000,7.440731525,39.28426361,26.32720947,13.02299404,15.26141071,255.0425873,455.0595834,4242.593351
390,0,FALSE,2019,NAD83,13,389347.6438,4911077.81,1000,16.62731361,47.54838562,23.47361565,9.731528282,12.02042103,324.5625916,319.9171611,3648.6938
391,0,FALSE,2019,NAD83,13,394686.2982,4907667.189,1000,7.679465771,31.41491318,30.2579937,13.15270996,16.33815002,50.84060669,160.7913867,1726.151789
392,0,FALSE,2019,NAD83,13,400776.461,4913673.812,1000,10.76593113,26.22869682,33.03379822,17.10846329,20.72046471,222.0903625,292.6336954,3369.439859
301,0,FALSE,2019,NAD83,13,397029.6796,4911172.797,1000,14.54779053,42.39970398,25.10907745,11.51694679,15.39187813,238.6567078,628.3445439,2966.516368
302,0,FALSE,2019,NAD83,13,395266.0153,4918258.005,1000,10.80547905,36.83566284,28.62370682,12.31260395,14.11420822,168.5200195,703.8270588,4760.452525
303,0,FALSE,2019,NAD83,13,393672.8597,4922792.09,1000,13.19738007,47.42133713,27.63610458,8.006593704,9.847011566,229.6263275,101.6734642,790.8012441
304,0,FALSE,2019,NAD83,13,388222.2572,4914708.81,1000,10.81159592,37.75813293,31.19994545,11.45783043,13.26690292,344.6671753,1227.327056,1962.530308
305,0,FALSE,2019,NAD83,13,387115.6938,4920464.156,1000,7.561555862,41.57636261,28.55057716,11.00055885,12.09184742,63.3552475,38.11443493,5008.74851
306,0,FALSE,2019,NAD83,13,392810.1591,4900258.511,1000,9.21305275,36.21284485,32.05271912,13.21732426,14.56448746,23.30937767,53.10855195,838.5982832
307,0,FALSE,2019,NAD83,13,382056.4611,4912800.251,1000,7.725215435,32.48356247,32.74822998,12.67184067,14.49290466,50.7706871,1225.847146,238.182514
308,0,FALSE,2019,NAD83,13,393333.8975,4914977.763,1000,14.19283009,36.4948616,32.83835983,9.699699402,11.55235958,243.6047821,1438.990863,664.6908825
309,0,FALSE,2019,NAD83,13,393639.6465,4915850.587,1000,15.35210228,32.73347092,33.37282944,10.10611343,12.69466305,119.6081314,628.7859638,1476.53138
310,0,FALSE,2019,NAD83,13,389253.7561,4912500.812,1000,12.22834015,40.4829216,27.52639008,12.35361099,14.15128517,161.431076,38.89163848,3074.455889
311,0,FALSE,2019,NAD83,13,388838.3622,4927703.444,1000,8.21316433,33.14322281,25.13160515,17.8549614,21.17395592,164.0107574,868.201427,5986.81892
312,0,FALSE,2019,NAD83,13,398257.3218,4901977.068,1000,7.531250477,26.04016304,34.45874786,12.00147915,12.9119482,101.1824799,616.5038716,82.9147219
313,0,FALSE,2019,NAD83,13,391748.728,4914260.023,1000,15.75837517,44.89870453,27.69166756,8.380860329,10.29353142,349.7018127,1072.599927,6293.6872
314,0,FALSE,2019,NAD83,13,393111.5107,4906477.114,1000,14.26964188,36.28022385,29.68920898,11.03148651,12.94565487,91.34308624,183.8511856,2122.468835
315,0,FALSE,2019,NAD83,13,386523.5802,4918695.524,1000,11.98819351,35.59550858,35.8370018,7.974315643,8.646799088,58.40854263,879.3307666,209.6477736
316,0,FALSE,2019,NAD83,13,396427.4074,4920356.522,1000,10.2863369,43.74097061,23.16966057,14.3637104,16.17958641,135.5007477,245.4494387,2084.853882
317,0,FALSE,2019,NAD83,13,386837.7674,4923102.02,1000,13.47499275,37.75828171,28.36606216,11.48547077,14.23666668,234.9827271,94.4151763,13670.32963
318,0,FALSE,2019,NAD83,13,387489.7759,4909964.868,1000,6.491995811,22.3426857,38.17061234,11.20930672,12.87104797,14.15180683,445.8227476,271.0975744
319,0,FALSE,2019,NAD83,13,385558.7481,4915829.715,1000,17.75472069,45.43413544,25.42841721,10.90055943,12.91067791,131.898468,502.7259681,3303.210484
320,0,FALSE,2019,NAD83,13,388976.8946,4924682.131,1000,15.86841774,40.84663391,28.06793404,11.3736639,15.25661659,266.6205444,263.1137683,14408.73631
321,0,FALSE,2019,NAD83,13,391784.9166,4910091.295,1000,10.95992851,40.18815613,24.53128624,13.84401703,16.7571907,260.8339539,775.1193162,9871.230231
322,0,FALSE,2019,NAD83,13,380190.5601,4914474.304,1000,5.460389614,26.67603683,35.36280441,11.49423695,12.31443787,70.2990036,969.8803187,2488.162641
323,0,FALSE,2019,NAD83,13,384312.0565,4914645.652,1000,17.32005882,49.75045776,26.4599247,8.780924797,10.67608261,141.98909,657.3909512,4108.209367
324,0,FALSE,2019,NAD83,13,394064.9019,4917348.478,1000,8.74649334,41.74598312,26.90078735,12.84547234,14.5063343,277.2114868,34.47646218,5751.285699
325,0,FALSE,2019,NAD83,13,389865.3257,4925130.95,1000,13.03275776,37.17050552,25.46931267,14.91822624,17.60882378,210.2750092,678.3586186,12073.94415
326,0,FALSE,2019,NAD83,13,391059.1269,4903008.139,1000,6.901176929,32.13557434,35.63949585,10.58810711,13.01385117,131.9553833,862.711667,83.70573488
327,0,FALSE,2019,NAD83,13,386398.4561,4916905.176,1000,10.79182625,25.14920425,30.53451157,16.39649773,19.44740677,150.0873108,116.8372946,4177.336548
328,0,FALSE,2019,NAD83,13,388820.4203,4923406.643,1000,10.78274822,45.91653442,25.45695496,10.67449951,12.8145647,346.077179,916.7808183,12239.61735
329,0,FALSE,2019,NAD83,13,385594.7208,4911640.582,1000,14.79872799,47.08856201,28.0075264,8.101920128,9.691095352,122.193779,261.1083615,5353.170583
330,0,FALSE,2019,NAD83,13,392160.7322,4899278.354,1000,15.76238537,49.74188614,24.05418777,7.539662361,8.806170464,229.9892273,469.8343954,1686.677811
331,0,FALSE,2019,NAD83,13,400340.3374,4915851.186,1000,10.18552399,33.18275833,31.03055573,12.60554028,15.11691284,316.4033813,682.9073062,6383.770769
332,0,FALSE,2019,NAD83,13,392562.8432,4923701.109,1000,15.46479607,44.40500641,27.95038033,8.914687157,11.06276894,164.5914307,254.3508144,5271.177834
333,0,FALSE,2019,NAD83,13,397933.4398,4914729.213,1000,9.175507545,33.8805542,31.90493774,12.09341335,14.55476093,212.6766357,175.5235378,12489.90417
334,0,FALSE,2019,NAD83,13,398376.2606,4919401.979,1000,16.7395153,41.10963821,26.41181755,11.79953003,14.84170914,303.284729,420.6517237,4828.091146
335,0,FALSE,2019,NAD83,13,388475.4537,4910615.475,1000,13.7361269,15.17769718,46.00143051,10.59977245,15.14109802,10.60281754,52.40146896,556.6226347
336,0,FALSE,2019,NAD83,13,382969.2187,4917242.628,1000,9.366763115,32.18377304,29.07997704,14.59002018,18.30093575,283.2650146,725.9271314,1263.785895
337,0,FALSE,2019,NAD83,13,399429.2172,4910522.802,1000,7.12455368,27.78588104,31.13644218,15.78558636,18.86940575,115.8236847,965.2252199,5875.149382
338,0,FALSE,2019,NAD83,13,386295.3655,4907728.57,1000,6.4293046,28.09203148,32.68608856,14.00349808,16.91594315,67.15195465,652.9509412,2008.762549
339,0,FALSE,2019,NAD83,13,392079.5004,4922462.685,1000,7.982562065,38.41791534,29.72709274,11.86718559,14.22028542,204.4782257,760.6544616,5311.09617
340,0,FALSE,2019,NAD83,13,399436.5855,4914951.302,1000,9.315467834,35.00305939,27.95944977,14.45718861,18.54714966,320.5961609,217.564869,7874.732502
341,0,FALSE,2019,NAD83,13,393681.0226,4921683.161,1000,14.31963825,44.1762619,32.98951721,7.232723236,8.900134087,251.7953644,817.4834205,196.2441963
342,0,FALSE,2019,NAD83,13,379989.6983,4916119.871,1000,18.30578804,43.10705185,28.38747215,9.000473976,10.98702812,449.9222412,153.3670827,1784.789599
343,0,FALSE,2019,NAD83,13,388311.3834,4908597.009,1000,10.08794117,28.02310181,39.85735703,14.02440643,18.27123833,172.6790314,68.89163848,4675.031645